id,IP,site_location,discharge_id,start_time,end_time,duration_min,start_cause,stop_cause,init_cap_rate1,init_cap_rate2,init_cap_rate3,init_cap_rate4,final_cap_rate1,final_cap_rate2,final_cap_rate3,final_cap_rate4,init_batt_volt1,init_batt_volt2,init_batt_volt3,init_batt_volt4,final_batt_volt1,final_batt_volt2,final_batt_volt3,final_batt_volt4,init_batt_disch_power1,init_batt_disch_power2,init_batt_disch_power3,init_batt_disch_power4,final_batt_disch_power1,final_batt_disch_power2,final_batt_disch_power3,final_batt_disch_power4,batt_type,temp
4316,10.63.171.147,SHD._20hor_13aBair_NMD40_ULN,435,2026-02-24 20:00:01,2026-02-24 20:47:52,47,SCHEDULED,BATTERY_CAPACITY,100.0,100.0,0.0,0.0,65.0,79.0,0.0,0.0,52.4,52.3,0.0,0.0,48.7,48.6,0.0,0.0,,,,,,,,,LEAD_ACID,
4317,10.63.171.147,SHD._20hor_13aBair_NMD40_ULN,434,2026-02-22 20:00:01,2026-02-22 20:36:04,36,SCHEDULED,BATTERY_CAPACITY,100.0,100.0,0.0,0.0,65.0,78.0,0.0,0.0,52.5,52.4,0.0,0.0,48.3,48.3,0.0,0.0,,,,,,,,,LEAD_ACID,
4318,10.63.171.147,SHD._20hor_13aBair_NMD40_ULN,433,2026-02-20 20:00:01,2026-02-20 20:38:04,38,SCHEDULED,BATTERY_CAPACITY,100.0,100.0,0.0,0.0,65.0,79.0,0.0,0.0,52.5,52.4,0.0,0.0,48.4,48.3,0.0,0.0,,,,,,,,,LEAD_ACID,
4319,10.63.171.147,SHD._20hor_13aBair_NMD40_ULN,432,2026-02-18 20:00:01,2026-02-18 20:40:30,40,SCHEDULED,BATTERY_CAPACITY,100.0,100.0,0.0,0.0,65.0,78.0,0.0,0.0,52.5,52.5,0.0,0.0,48.3,48.2,0.0,0.0,,,,,,,,,LEAD_ACID,
4320,10.63.171.147,SHD._20hor_13aBair_NMD40_ULN,431,2026-02-16 20:00:01,2026-02-16 20:47:30,47,SCHEDULED,BATTERY_CAPACITY,100.0,100.0,0.0,0.0,65.0,79.0,0.0,0.0,52.5,52.5,0.0,0.0,48.7,48.7,0.0,0.0,,,,,,,,,LEAD_ACID,
4321,10.63.171.147,SHD._20hor_13aBair_NMD40_ULN,430,2026-02-14 20:00:01,2026-02-14 20:46:22,46,SCHEDULED,BATTERY_CAPACITY,100.0,100.0,0.0,0.0,65.0,78.0,0.0,0.0,52.8,52.7,0.0,0.0,48.7,48.6,0.0,0.0,,,,,,,,,LEAD_ACID,
4322,10.63.171.147,SHD._20hor_13aBair_NMD40_ULN,429,2026-02-12 20:00:00,2026-02-12 20:52:14,52,SCHEDULED,BATTERY_CAPACITY,100.0,100.0,0.0,0.0,65.0,79.0,0.0,0.0,51.9,51.8,0.0,0.0,48.7,48.6,0.0,0.0,,,,,,,,,LEAD_ACID,
4323,10.63.171.147,SHD._20hor_13aBair_NMD40_ULN,428,2026-02-10 20:00:01,2026-02-10 20:50:25,50,SCHEDULED,BATTERY_CAPACITY,100.0,100.0,0.0,0.0,65.0,78.0,0.0,0.0,52.7,52.7,0.0,0.0,48.7,48.7,0.0,0.0,,,,,,,,,LEAD_ACID,
4324,10.63.171.147,SHD._20hor_13aBair_NMD40_ULN,427,2026-02-08 20:00:01,2026-02-08 20:47:37,47,SCHEDULED,BATTERY_CAPACITY,100.0,100.0,0.0,0.0,65.0,79.0,0.0,0.0,52.0,51.9,0.0,0.0,48.9,48.8,0.0,0.0,,,,,,,,,LEAD_ACID,
4325,10.63.171.147,SHD._20hor_13aBair_NMD40_ULN,426,2026-02-06 20:00:01,2026-02-06 20:45:59,45,SCHEDULED,BATTERY_CAPACITY,100.0,100.0,0.0,0.0,65.0,79.0,0.0,0.0,52.8,52.8,0.0,0.0,48.8,48.7,0.0,0.0,,,,,,,,,LEAD_ACID,
4326,10.63.171.147,SHD._20hor_13aBair_NMD40_ULN,425,2026-02-04 20:00:01,2026-02-04 20:43:57,43,SCHEDULED,BATTERY_CAPACITY,100.0,100.0,0.0,0.0,65.0,78.0,0.0,0.0,53.7,53.6,0.0,0.0,48.6,48.5,0.0,0.0,,,,,,,,,LEAD_ACID,
4327,10.63.171.147,SHD._20hor_13aBair_NMD40_ULN,424,2026-02-02 20:00:01,2026-02-02 20:49:51,49,SCHEDULED,BATTERY_CAPACITY,100.0,100.0,0.0,0.0,65.0,80.0,0.0,0.0,52.2,52.2,0.0,0.0,49.0,48.9,0.0,0.0,,,,,,,,,LEAD_ACID,
4328,10.63.171.147,SHD._20hor_13aBair_NMD40_ULN,423,2026-01-31 20:00:01,2026-01-31 20:48:53,48,SCHEDULED,BATTERY_CAPACITY,100.0,100.0,0.0,0.0,65.0,79.0,0.0,0.0,52.7,52.7,0.0,0.0,48.5,48.3,0.0,0.0,,,,,,,,,LEAD_ACID,
4329,10.63.171.147,SHD._20hor_13aBair_NMD40_ULN,422,2026-01-29 07:40:06,2026-01-29 08:19:28,39,SCHEDULED,BATTERY_CAPACITY,98.0,80.0,0.0,0.0,74.0,65.0,0.0,0.0,51.9,51.9,0.0,0.0,48.0,47.9,0.0,0.0,,,,,,,,,LEAD_ACID,
4330,10.63.171.147,SHD._20hor_13aBair_NMD40_ULN,421,2026-01-26 20:00:00,2026-01-26 20:49:37,49,SCHEDULED,BATTERY_CAPACITY,100.0,100.0,0.0,0.0,65.0,79.0,0.0,0.0,53.0,53.0,0.0,0.0,48.8,48.7,0.0,0.0,,,,,,,,,LEAD_ACID,
4331,10.63.171.147,SHD._20hor_13aBair_NMD40_ULN,420,2026-01-24 20:00:01,2026-01-24 20:46:28,46,SCHEDULED,BATTERY_CAPACITY,100.0,100.0,0.0,0.0,65.0,79.0,0.0,0.0,52.8,52.7,0.0,0.0,48.4,48.3,0.0,0.0,,,,,,,,,LEAD_ACID,
4332,10.63.171.147,SHD._20hor_13aBair_NMD40_ULN,419,2026-01-22 02:10:14,2026-01-22 02:57:20,47,SCHEDULED,BATTERY_CAPACITY,87.0,83.0,0.0,0.0,65.0,69.0,0.0,0.0,51.9,51.8,0.0,0.0,48.4,48.3,0.0,0.0,,,,,,,,,LEAD_ACID,
4333,10.63.171.147,SHD._20hor_13aBair_NMD40_ULN,418,2026-01-19 20:00:01,2026-01-19 20:48:07,48,SCHEDULED,BATTERY_CAPACITY,100.0,100.0,0.0,0.0,65.0,78.0,0.0,0.0,53.1,53.1,0.0,0.0,49.0,48.9,0.0,0.0,,,,,,,,,LEAD_ACID,
4334,10.63.171.147,SHD._20hor_13aBair_NMD40_ULN,417,2026-01-17 20:00:01,2026-01-17 20:45:18,45,SCHEDULED,BATTERY_CAPACITY,100.0,100.0,0.0,0.0,65.0,79.0,0.0,0.0,53.5,53.4,0.0,0.0,48.7,48.6,0.0,0.0,,,,,,,,,LEAD_ACID,
4335,10.63.171.147,SHD._20hor_13aBair_NMD40_ULN,416,2026-01-15 20:00:01,2026-01-15 20:47:28,47,SCHEDULED,BATTERY_CAPACITY,100.0,100.0,0.0,0.0,65.0,79.0,0.0,0.0,52.7,52.7,0.0,0.0,48.6,48.5,0.0,0.0,,,,,,,,,LEAD_ACID,
4336,10.63.171.147,SHD._20hor_13aBair_NMD40_ULN,415,2026-01-13 20:00:01,2026-01-13 20:48:05,48,SCHEDULED,BATTERY_CAPACITY,100.0,100.0,0.0,0.0,65.0,79.0,0.0,0.0,52.1,52.1,0.0,0.0,48.7,48.7,0.0,0.0,,,,,,,,,LEAD_ACID,
4337,10.63.171.147,SHD._20hor_13aBair_NMD40_ULN,414,2026-01-11 20:00:01,2026-01-11 20:48:50,48,SCHEDULED,BATTERY_CAPACITY,100.0,100.0,0.0,0.0,65.0,79.0,0.0,0.0,52.4,52.4,0.0,0.0,48.7,48.6,0.0,0.0,,,,,,,,,LEAD_ACID,
4338,10.63.171.147,SHD._20hor_13aBair_NMD40_ULN,413,2026-01-09 20:00:01,2026-01-09 20:45:44,45,SCHEDULED,BATTERY_CAPACITY,100.0,100.0,0.0,0.0,65.0,79.0,0.0,0.0,52.6,52.4,0.0,0.0,48.5,48.5,0.0,0.0,,,,,,,,,LEAD_ACID,
4339,10.63.171.147,SHD._20hor_13aBair_NMD40_ULN,412,2026-01-07 20:00:01,2026-01-07 20:50:10,50,SCHEDULED,BATTERY_CAPACITY,100.0,100.0,0.0,0.0,65.0,79.0,0.0,0.0,52.4,52.4,0.0,0.0,48.9,48.8,0.0,0.0,,,,,,,,,LEAD_ACID,
4340,10.63.171.147,SHD._20hor_13aBair_NMD40_ULN,411,2026-01-05 20:00:01,2026-01-05 20:50:44,50,SCHEDULED,BATTERY_CAPACITY,100.0,100.0,0.0,0.0,65.0,79.0,0.0,0.0,52.5,52.4,0.0,0.0,48.9,48.9,0.0,0.0,,,,,,,,,LEAD_ACID,
4341,10.63.171.147,SHD._20hor_13aBair_NMD40_ULN,410,2026-01-03 20:00:00,2026-01-03 20:45:47,45,SCHEDULED,BATTERY_CAPACITY,100.0,100.0,0.0,0.0,65.0,78.0,0.0,0.0,53.1,53.0,0.0,0.0,48.6,48.6,0.0,0.0,,,,,,,,,LEAD_ACID,
4342,10.63.171.147,SHD._20hor_13aBair_NMD40_ULN,409,2026-01-01 20:00:01,2026-01-01 20:46:39,46,SCHEDULED,BATTERY_CAPACITY,100.0,100.0,0.0,0.0,65.0,78.0,0.0,0.0,52.2,52.1,0.0,0.0,48.9,48.8,0.0,0.0,,,,,,,,,LEAD_ACID,
4343,10.63.171.147,SHD._20hor_13aBair_NMD40_ULN,408,2025-12-30 20:00:01,2025-12-30 20:48:49,48,SCHEDULED,BATTERY_CAPACITY,100.0,100.0,0.0,0.0,65.0,79.0,0.0,0.0,52.5,52.5,0.0,0.0,48.9,48.7,0.0,0.0,,,,,,,,,LEAD_ACID,
4344,10.63.171.147,SHD._20hor_13aBair_NMD40_ULN,407,2025-12-28 20:00:01,2025-12-28 20:49:14,49,SCHEDULED,BATTERY_CAPACITY,100.0,100.0,0.0,0.0,65.0,78.0,0.0,0.0,53.0,53.0,0.0,0.0,49.0,48.9,0.0,0.0,,,,,,,,,LEAD_ACID,
4345,10.63.171.147,SHD._20hor_13aBair_NMD40_ULN,406,2025-12-26 20:00:01,2025-12-26 20:46:57,46,SCHEDULED,BATTERY_CAPACITY,100.0,100.0,0.0,0.0,65.0,79.0,0.0,0.0,52.8,52.8,0.0,0.0,48.8,48.7,0.0,0.0,,,,,,,,,LEAD_ACID,
4346,10.63.171.147,SHD._20hor_13aBair_NMD40_ULN,405,2025-12-24 20:00:01,2025-12-24 20:50:23,50,SCHEDULED,BATTERY_CAPACITY,100.0,100.0,0.0,0.0,65.0,78.0,0.0,0.0,52.5,52.5,0.0,0.0,48.9,48.7,0.0,0.0,,,,,,,,,LEAD_ACID,
4347,10.63.171.147,SHD._20hor_13aBair_NMD40_ULN,404,2025-12-22 20:00:01,2025-12-22 20:47:00,46,SCHEDULED,BATTERY_CAPACITY,100.0,100.0,0.0,0.0,65.0,78.0,0.0,0.0,52.6,52.5,0.0,0.0,48.5,48.5,0.0,0.0,,,,,,,,,LEAD_ACID,
4348,10.63.171.147,SHD._20hor_13aBair_NMD40_ULN,403,2025-12-20 20:00:01,2025-12-20 20:47:13,47,SCHEDULED,BATTERY_CAPACITY,100.0,100.0,0.0,0.0,65.0,79.0,0.0,0.0,52.3,52.2,0.0,0.0,48.9,48.8,0.0,0.0,,,,,,,,,LEAD_ACID,
4349,10.63.171.147,SHD._20hor_13aBair_NMD40_ULN,402,2025-12-18 20:00:01,2025-12-18 20:48:29,48,SCHEDULED,BATTERY_CAPACITY,100.0,100.0,0.0,0.0,65.0,79.0,0.0,0.0,52.6,52.6,0.0,0.0,49.0,49.0,0.0,0.0,,,,,,,,,LEAD_ACID,
4350,10.63.171.147,SHD._20hor_13aBair_NMD40_ULN,401,2025-12-16 20:00:01,2025-12-16 20:53:06,53,SCHEDULED,BATTERY_CAPACITY,100.0,100.0,0.0,0.0,65.0,78.0,0.0,0.0,52.3,52.3,0.0,0.0,48.9,48.8,0.0,0.0,,,,,,,,,LEAD_ACID,
4351,10.63.171.147,SHD._20hor_13aBair_NMD40_ULN,400,2025-12-14 20:21:24,2025-12-14 21:12:29,51,SCHEDULED,BATTERY_CAPACITY,100.0,100.0,0.0,0.0,65.0,78.0,0.0,0.0,52.0,51.8,0.0,0.0,48.1,48.0,0.0,0.0,,,,,,,,,LEAD_ACID,
4352,10.63.171.147,SHD._20hor_13aBair_NMD40_ULN,399,2025-12-12 20:00:01,2025-12-12 20:49:50,49,SCHEDULED,BATTERY_CAPACITY,100.0,100.0,0.0,0.0,65.0,78.0,0.0,0.0,52.2,52.2,0.0,0.0,48.7,48.6,0.0,0.0,,,,,,,,,LEAD_ACID,
4353,10.63.171.147,SHD._20hor_13aBair_NMD40_ULN,398,2025-12-10 20:00:01,2025-12-10 20:50:01,50,SCHEDULED,BATTERY_CAPACITY,100.0,100.0,0.0,0.0,65.0,78.0,0.0,0.0,52.3,52.3,0.0,0.0,48.9,48.8,0.0,0.0,,,,,,,,,LEAD_ACID,
4354,10.63.171.147,SHD._20hor_13aBair_NMD40_ULN,397,2025-12-08 20:00:01,2025-12-08 20:51:07,51,SCHEDULED,BATTERY_CAPACITY,100.0,100.0,0.0,0.0,65.0,78.0,0.0,0.0,52.2,52.1,0.0,0.0,48.8,48.7,0.0,0.0,,,,,,,,,LEAD_ACID,
4355,10.63.171.147,SHD._20hor_13aBair_NMD40_ULN,396,2025-12-06 20:00:01,2025-12-06 20:48:47,48,SCHEDULED,BATTERY_CAPACITY,100.0,100.0,0.0,0.0,65.0,79.0,0.0,0.0,52.3,52.2,0.0,0.0,49.0,48.8,0.0,0.0,,,,,,,,,LEAD_ACID,
4356,10.63.171.147,SHD._20hor_13aBair_NMD40_ULN,395,2025-12-04 20:00:01,2025-12-04 20:50:33,50,SCHEDULED,BATTERY_CAPACITY,100.0,100.0,0.0,0.0,65.0,78.0,0.0,0.0,52.1,51.9,0.0,0.0,48.9,48.7,0.0,0.0,,,,,,,,,LEAD_ACID,
4357,10.63.171.147,SHD._20hor_13aBair_NMD40_ULN,394,2025-12-02 20:00:01,2025-12-02 20:51:42,51,SCHEDULED,BATTERY_CAPACITY,100.0,100.0,0.0,0.0,65.0,78.0,0.0,0.0,52.5,52.3,0.0,0.0,49.0,48.8,0.0,0.0,,,,,,,,,LEAD_ACID,
4358,10.63.171.147,SHD._20hor_13aBair_NMD40_ULN,393,2025-11-30 20:00:01,2025-11-30 20:52:58,52,SCHEDULED,BATTERY_CAPACITY,100.0,100.0,0.0,0.0,65.0,78.0,0.0,0.0,52.3,52.2,0.0,0.0,48.7,48.7,0.0,0.0,,,,,,,,,LEAD_ACID,
4359,10.63.171.147,SHD._20hor_13aBair_NMD40_ULN,392,2025-11-28 20:00:01,2025-11-28 20:50:54,50,SCHEDULED,BATTERY_CAPACITY,100.0,100.0,0.0,0.0,65.0,78.0,0.0,0.0,52.7,52.6,0.0,0.0,48.8,48.7,0.0,0.0,,,,,,,,,LEAD_ACID,
4360,10.63.171.147,SHD._20hor_13aBair_NMD40_ULN,391,2025-11-26 20:00:01,2025-11-26 20:51:16,51,SCHEDULED,BATTERY_CAPACITY,100.0,100.0,0.0,0.0,65.0,78.0,0.0,0.0,51.8,51.8,0.0,0.0,48.8,48.7,0.0,0.0,,,,,,,,,LEAD_ACID,
4361,10.63.171.147,SHD._20hor_13aBair_NMD40_ULN,390,2025-11-24 20:00:01,2025-11-24 20:51:52,51,SCHEDULED,BATTERY_CAPACITY,100.0,100.0,0.0,0.0,65.0,78.0,0.0,0.0,51.9,51.8,0.0,0.0,49.0,48.7,0.0,0.0,,,,,,,,,LEAD_ACID,
4362,10.63.171.147,SHD._20hor_13aBair_NMD40_ULN,389,2025-11-22 20:00:01,2025-11-22 20:55:43,55,SCHEDULED,BATTERY_CAPACITY,100.0,100.0,0.0,0.0,65.0,78.0,0.0,0.0,52.4,52.4,0.0,0.0,49.0,48.8,0.0,0.0,,,,,,,,,LEAD_ACID,
4363,10.63.171.147,SHD._20hor_13aBair_NMD40_ULN,388,2025-11-20 20:00:01,2025-11-20 20:50:41,50,SCHEDULED,BATTERY_CAPACITY,100.0,100.0,0.0,0.0,65.0,79.0,0.0,0.0,51.8,51.7,0.0,0.0,48.8,48.9,0.0,0.0,,,,,,,,,LEAD_ACID,
4364,10.63.171.147,SHD._20hor_13aBair_NMD40_ULN,387,2025-11-18 20:00:01,2025-11-18 20:48:52,48,SCHEDULED,BATTERY_CAPACITY,100.0,100.0,0.0,0.0,65.0,78.0,0.0,0.0,51.9,51.8,0.0,0.0,48.7,48.7,0.0,0.0,,,,,,,,,LEAD_ACID,
4365,10.63.171.147,SHD._20hor_13aBair_NMD40_ULN,386,2025-11-16 20:00:00,2025-11-16 20:52:51,52,SCHEDULED,BATTERY_CAPACITY,100.0,100.0,0.0,0.0,65.0,78.0,0.0,0.0,52.2,52.1,0.0,0.0,48.7,48.6,0.0,0.0,,,,,,,,,LEAD_ACID,
4366,10.63.171.147,SHD._20hor_13aBair_NMD40_ULN,385,2025-11-14 20:00:01,2025-11-14 20:44:54,44,SCHEDULED,BATTERY_CAPACITY,100.0,100.0,0.0,0.0,65.0,80.0,0.0,0.0,52.6,52.5,0.0,0.0,48.8,48.7,0.0,0.0,,,,,,,,,LEAD_ACID,
4367,10.63.171.147,SHD._20hor_13aBair_NMD40_ULN,384,2025-11-12 20:00:01,2025-11-12 20:52:34,52,SCHEDULED,BATTERY_CAPACITY,100.0,100.0,0.0,0.0,65.0,78.0,0.0,0.0,52.4,52.3,0.0,0.0,48.8,48.7,0.0,0.0,,,,,,,,,LEAD_ACID,
4368,10.63.171.147,SHD._20hor_13aBair_NMD40_ULN,383,2025-11-10 20:00:01,2025-11-10 20:53:30,53,SCHEDULED,BATTERY_CAPACITY,100.0,100.0,0.0,0.0,65.0,78.0,0.0,0.0,51.7,51.7,0.0,0.0,48.8,48.8,0.0,0.0,,,,,,,,,LEAD_ACID,
4369,10.63.171.147,SHD._20hor_13aBair_NMD40_ULN,382,2025-11-08 20:00:01,2025-11-08 20:51:27,51,SCHEDULED,BATTERY_CAPACITY,100.0,100.0,0.0,0.0,65.0,78.0,0.0,0.0,52.6,52.6,0.0,0.0,48.9,48.8,0.0,0.0,,,,,,,,,LEAD_ACID,
4370,10.63.171.147,SHD._20hor_13aBair_NMD40_ULN,381,2025-11-06 20:00:01,2025-11-06 20:49:55,49,SCHEDULED,BATTERY_CAPACITY,100.0,100.0,0.0,0.0,65.0,79.0,0.0,0.0,52.0,51.9,0.0,0.0,48.7,48.6,0.0,0.0,,,,,,,,,LEAD_ACID,
4371,10.63.171.147,SHD._20hor_13aBair_NMD40_ULN,380,2025-11-04 20:00:01,2025-11-04 20:52:39,52,SCHEDULED,BATTERY_CAPACITY,100.0,100.0,0.0,0.0,65.0,79.0,0.0,0.0,51.8,51.7,0.0,0.0,49.1,49.0,0.0,0.0,,,,,,,,,LEAD_ACID,
4372,10.63.171.147,SHD._20hor_13aBair_NMD40_ULN,379,2025-11-02 20:00:01,2025-11-02 20:52:16,52,SCHEDULED,BATTERY_CAPACITY,100.0,100.0,0.0,0.0,65.0,78.0,0.0,0.0,51.8,51.7,0.0,0.0,49.1,49.0,0.0,0.0,,,,,,,,,LEAD_ACID,
4373,10.63.171.147,SHD._20hor_13aBair_NMD40_ULN,378,2025-10-31 20:00:00,2025-10-31 20:50:28,50,SCHEDULED,BATTERY_CAPACITY,100.0,100.0,0.0,0.0,65.0,78.0,0.0,0.0,52.5,52.5,0.0,0.0,48.8,48.7,0.0,0.0,,,,,,,,,LEAD_ACID,
4374,10.63.171.147,SHD._20hor_13aBair_NMD40_ULN,377,2025-10-29 20:00:01,2025-10-29 20:51:28,51,SCHEDULED,BATTERY_CAPACITY,100.0,100.0,0.0,0.0,65.0,78.0,0.0,0.0,52.1,52.0,0.0,0.0,48.1,48.0,0.0,0.0,,,,,,,,,LEAD_ACID,
4375,10.63.171.147,SHD._20hor_13aBair_NMD40_ULN,376,2025-10-27 20:00:01,2025-10-27 20:51:27,51,SCHEDULED,BATTERY_CAPACITY,100.0,100.0,0.0,0.0,65.0,78.0,0.0,0.0,52.2,52.1,0.0,0.0,49.1,49.0,0.0,0.0,,,,,,,,,LEAD_ACID,
4376,10.63.171.147,SHD._20hor_13aBair_NMD40_ULN,375,2025-10-25 20:00:01,2025-10-25 20:40:37,40,SCHEDULED,BATTERY_CAPACITY,100.0,100.0,0.0,0.0,65.0,78.0,0.0,0.0,52.8,52.8,0.0,0.0,48.5,48.4,0.0,0.0,,,,,,,,,LEAD_ACID,
4377,10.63.171.147,SHD._20hor_13aBair_NMD40_ULN,374,2025-10-23 20:00:01,2025-10-23 20:38:26,38,SCHEDULED,BATTERY_CAPACITY,100.0,100.0,0.0,0.0,65.0,79.0,0.0,0.0,52.4,52.4,0.0,0.0,48.3,48.1,0.0,0.0,,,,,,,,,LEAD_ACID,
4378,10.63.171.147,SHD._20hor_13aBair_NMD40_ULN,373,2025-10-21 20:00:01,2025-10-21 20:41:24,41,SCHEDULED,BATTERY_CAPACITY,100.0,100.0,0.0,0.0,65.0,78.0,0.0,0.0,52.4,52.4,0.0,0.0,48.8,48.7,0.0,0.0,,,,,,,,,LEAD_ACID,
4379,10.63.171.147,SHD._20hor_13aBair_NMD40_ULN,372,2025-10-19 20:00:01,2025-10-19 20:42:35,42,SCHEDULED,BATTERY_CAPACITY,100.0,100.0,0.0,0.0,65.0,78.0,0.0,0.0,52.5,52.4,0.0,0.0,49.0,48.8,0.0,0.0,,,,,,,,,LEAD_ACID,
4380,10.63.171.147,SHD._20hor_13aBair_NMD40_ULN,371,2025-10-17 20:00:01,2025-10-17 20:42:11,42,SCHEDULED,BATTERY_CAPACITY,100.0,100.0,0.0,0.0,65.0,78.0,0.0,0.0,53.3,53.1,0.0,0.0,48.6,48.5,0.0,0.0,,,,,,,,,LEAD_ACID,
4381,10.63.171.147,SHD._20hor_13aBair_NMD40_ULN,370,2025-10-15 20:00:01,2025-10-15 20:47:26,47,SCHEDULED,BATTERY_CAPACITY,100.0,100.0,0.0,0.0,65.0,78.0,0.0,0.0,52.6,52.6,0.0,0.0,48.7,48.6,0.0,0.0,,,,,,,,,LEAD_ACID,
4382,10.63.171.147,SHD._20hor_13aBair_NMD40_ULN,369,2025-10-13 20:00:01,2025-10-13 20:49:36,49,SCHEDULED,BATTERY_CAPACITY,100.0,100.0,0.0,0.0,65.0,78.0,0.0,0.0,52.5,52.5,0.0,0.0,49.1,49.1,0.0,0.0,,,,,,,,,LEAD_ACID,
4383,10.63.171.147,SHD._20hor_13aBair_NMD40_ULN,368,2025-10-11 20:00:01,2025-10-11 20:48:36,48,SCHEDULED,BATTERY_CAPACITY,100.0,100.0,0.0,0.0,65.0,77.0,0.0,0.0,51.9,51.9,0.0,0.0,48.2,48.1,0.0,0.0,,,,,,,,,LEAD_ACID,
4384,10.63.171.147,SHD._20hor_13aBair_NMD40_ULN,367,2025-10-09 20:00:01,2025-10-09 20:49:50,49,SCHEDULED,BATTERY_CAPACITY,100.0,100.0,0.0,0.0,65.0,78.0,0.0,0.0,51.8,51.7,0.0,0.0,49.1,49.0,0.0,0.0,,,,,,,,,LEAD_ACID,
4385,10.63.171.147,SHD._20hor_13aBair_NMD40_ULN,366,2025-10-07 20:00:01,2025-10-07 20:47:36,47,SCHEDULED,BATTERY_CAPACITY,100.0,100.0,0.0,0.0,65.0,78.0,0.0,0.0,51.7,51.7,0.0,0.0,48.7,48.5,0.0,0.0,,,,,,,,,LEAD_ACID,
4386,10.63.171.147,SHD._20hor_13aBair_NMD40_ULN,365,2025-10-05 20:00:01,2025-10-05 20:43:13,43,SCHEDULED,BATTERY_CAPACITY,100.0,100.0,0.0,0.0,65.0,78.0,0.0,0.0,52.2,52.1,0.0,0.0,48.7,48.4,0.0,0.0,,,,,,,,,LEAD_ACID,
4387,10.63.171.147,SHD._20hor_13aBair_NMD40_ULN,364,2025-10-03 20:00:01,2025-10-03 20:48:39,48,SCHEDULED,BATTERY_CAPACITY,100.0,100.0,0.0,0.0,65.0,78.0,0.0,0.0,52.6,52.6,0.0,0.0,48.6,48.6,0.0,0.0,,,,,,,,,LEAD_ACID,
4388,10.63.171.147,SHD._20hor_13aBair_NMD40_ULN,363,2025-10-01 20:00:01,2025-10-01 20:42:15,42,SCHEDULED,BATTERY_CAPACITY,100.0,100.0,0.0,0.0,65.0,78.0,0.0,0.0,52.3,52.2,0.0,0.0,48.6,48.5,0.0,0.0,,,,,,,,,LEAD_ACID,
4389,10.63.171.147,SHD._20hor_13aBair_NMD40_ULN,362,2025-09-29 20:00:01,2025-09-29 20:51:41,51,SCHEDULED,BATTERY_CAPACITY,100.0,100.0,0.0,0.0,65.0,78.0,0.0,0.0,52.0,51.9,0.0,0.0,48.7,48.6,0.0,0.0,,,,,,,,,LEAD_ACID,
4390,10.63.171.147,SHD._20hor_13aBair_NMD40_ULN,361,2025-09-27 20:00:01,2025-09-27 20:50:43,50,SCHEDULED,BATTERY_CAPACITY,100.0,100.0,0.0,0.0,65.0,78.0,0.0,0.0,51.9,51.8,0.0,0.0,48.9,48.7,0.0,0.0,,,,,,,,,LEAD_ACID,
4391,10.63.171.147,SHD._20hor_13aBair_NMD40_ULN,360,2025-09-25 20:00:01,2025-09-25 20:48:00,47,SCHEDULED,BATTERY_CAPACITY,100.0,100.0,0.0,0.0,65.0,78.0,0.0,0.0,52.4,52.4,0.0,0.0,48.8,48.7,0.0,0.0,,,,,,,,,LEAD_ACID,
4392,10.63.171.147,SHD._20hor_13aBair_NMD40_ULN,359,2025-09-23 20:00:01,2025-09-23 20:45:21,45,SCHEDULED,BATTERY_CAPACITY,100.0,100.0,0.0,0.0,65.0,78.0,0.0,0.0,52.4,52.3,0.0,0.0,48.2,48.1,0.0,0.0,,,,,,,,,LEAD_ACID,
4393,10.63.171.147,SHD._20hor_13aBair_NMD40_ULN,358,2025-09-21 20:00:01,2025-09-21 20:38:13,38,SCHEDULED,BATTERY_CAPACITY,100.0,100.0,0.0,0.0,65.0,77.0,0.0,0.0,52.3,52.2,0.0,0.0,48.5,48.4,0.0,0.0,,,,,,,,,LEAD_ACID,
4394,10.63.171.147,SHD._20hor_13aBair_NMD40_ULN,357,2025-09-19 20:00:01,2025-09-19 20:39:26,39,SCHEDULED,BATTERY_CAPACITY,100.0,100.0,0.0,0.0,65.0,77.0,0.0,0.0,52.8,52.8,0.0,0.0,48.5,48.3,0.0,0.0,,,,,,,,,LEAD_ACID,
4395,10.63.171.147,SHD._20hor_13aBair_NMD40_ULN,356,2025-09-17 20:00:01,2025-09-17 20:46:35,46,SCHEDULED,BATTERY_CAPACITY,100.0,100.0,0.0,0.0,65.0,77.0,0.0,0.0,51.9,51.7,0.0,0.0,48.9,48.7,0.0,0.0,,,,,,,,,LEAD_ACID,
4396,10.63.171.147,SHD._20hor_13aBair_NMD40_ULN,355,2025-09-15 20:00:01,2025-09-15 20:38:03,38,SCHEDULED,BATTERY_CAPACITY,100.0,100.0,0.0,0.0,65.0,77.0,0.0,0.0,53.1,53.1,0.0,0.0,48.3,48.1,0.0,0.0,,,,,,,,,LEAD_ACID,
4397,10.63.171.147,SHD._20hor_13aBair_NMD40_ULN,354,2025-09-13 20:00:01,2025-09-13 20:44:22,44,SCHEDULED,BATTERY_CAPACITY,100.0,100.0,0.0,0.0,65.0,77.0,0.0,0.0,52.6,52.5,0.0,0.0,48.7,48.5,0.0,0.0,,,,,,,,,LEAD_ACID,
4398,10.63.171.147,SHD._20hor_13aBair_NMD40_ULN,353,2025-09-11 20:00:00,2025-09-11 20:43:42,43,SCHEDULED,BATTERY_CAPACITY,100.0,100.0,0.0,0.0,65.0,77.0,0.0,0.0,52.8,52.8,0.0,0.0,48.8,48.7,0.0,0.0,,,,,,,,,LEAD_ACID,
4399,10.63.171.147,SHD._20hor_13aBair_NMD40_ULN,352,2025-09-09 20:00:01,2025-09-09 20:44:27,44,SCHEDULED,BATTERY_CAPACITY,100.0,100.0,0.0,0.0,65.0,77.0,0.0,0.0,52.8,52.8,0.0,0.0,48.9,48.8,0.0,0.0,,,,,,,,,LEAD_ACID,
4400,10.63.171.147,SHD._20hor_13aBair_NMD40_ULN,351,2025-09-07 20:00:01,2025-09-07 20:36:47,36,SCHEDULED,BATTERY_CAPACITY,100.0,100.0,0.0,0.0,65.0,77.0,0.0,0.0,52.7,52.5,0.0,0.0,48.3,48.3,0.0,0.0,,,,,,,,,LEAD_ACID,
4401,10.63.171.147,SHD._20hor_13aBair_NMD40_ULN,350,2025-09-05 20:00:01,2025-09-05 20:41:55,41,SCHEDULED,BATTERY_CAPACITY,100.0,100.0,0.0,0.0,65.0,77.0,0.0,0.0,53.2,53.2,0.0,0.0,48.7,48.6,0.0,0.0,,,,,,,,,LEAD_ACID,
4402,10.63.171.147,SHD._20hor_13aBair_NMD40_ULN,349,2025-09-03 20:00:01,2025-09-03 20:44:11,44,SCHEDULED,BATTERY_CAPACITY,100.0,100.0,0.0,0.0,65.0,77.0,0.0,0.0,52.8,52.8,0.0,0.0,49.0,48.9,0.0,0.0,,,,,,,,,LEAD_ACID,
4403,10.63.171.147,SHD._20hor_13aBair_NMD40_ULN,348,2025-09-01 20:00:01,2025-09-01 20:46:41,46,SCHEDULED,BATTERY_CAPACITY,100.0,100.0,0.0,0.0,65.0,77.0,0.0,0.0,51.9,51.9,0.0,0.0,48.7,48.7,0.0,0.0,,,,,,,,,LEAD_ACID,
4404,10.63.171.147,SHD._20hor_13aBair_NMD40_ULN,347,2025-08-30 20:00:01,2025-08-30 20:38:26,38,SCHEDULED,BATTERY_CAPACITY,100.0,100.0,0.0,0.0,65.0,78.0,0.0,0.0,52.7,52.7,0.0,0.0,48.7,48.5,0.0,0.0,,,,,,,,,LEAD_ACID,
4405,10.63.171.147,SHD._20hor_13aBair_NMD40_ULN,346,2025-08-28 20:00:01,2025-08-28 20:42:27,42,SCHEDULED,BATTERY_CAPACITY,100.0,100.0,0.0,0.0,65.0,78.0,0.0,0.0,52.7,52.7,0.0,0.0,48.8,48.8,0.0,0.0,,,,,,,,,LEAD_ACID,
4406,10.63.171.147,SHD._20hor_13aBair_NMD40_ULN,345,2025-08-26 20:00:00,2025-08-26 20:36:05,36,SCHEDULED,BATTERY_CAPACITY,100.0,100.0,0.0,0.0,65.0,77.0,0.0,0.0,52.7,52.7,0.0,0.0,48.3,48.1,0.0,0.0,,,,,,,,,LEAD_ACID,
4407,10.63.171.147,SHD._20hor_13aBair_NMD40_ULN,344,2025-08-24 20:00:01,2025-08-24 20:33:29,33,SCHEDULED,BATTERY_CAPACITY,100.0,100.0,0.0,0.0,65.0,77.0,0.0,0.0,51.9,51.8,0.0,0.0,48.2,48.2,0.0,0.0,,,,,,,,,LEAD_ACID,
4408,10.63.171.147,SHD._20hor_13aBair_NMD40_ULN,343,2025-08-22 20:00:01,2025-08-22 20:33:43,33,SCHEDULED,BATTERY_CAPACITY,100.0,100.0,0.0,0.0,65.0,77.0,0.0,0.0,52.3,52.2,0.0,0.0,48.3,48.2,0.0,0.0,,,,,,,,,LEAD_ACID,
4409,10.63.171.147,SHD._20hor_13aBair_NMD40_ULN,342,2025-08-20 20:00:01,2025-08-20 20:43:48,43,SCHEDULED,BATTERY_CAPACITY,100.0,100.0,0.0,0.0,65.0,77.0,0.0,0.0,52.7,52.7,0.0,0.0,48.7,48.5,0.0,0.0,,,,,,,,,LEAD_ACID,
4410,10.63.171.147,SHD._20hor_13aBair_NMD40_ULN,341,2025-08-18 20:00:01,2025-08-18 20:35:42,35,SCHEDULED,BATTERY_CAPACITY,100.0,100.0,0.0,0.0,65.0,77.0,0.0,0.0,52.2,52.1,0.0,0.0,48.3,48.2,0.0,0.0,,,,,,,,,LEAD_ACID,
4411,10.63.171.147,SHD._20hor_13aBair_NMD40_ULN,340,2025-08-16 20:00:01,2025-08-16 20:36:11,36,SCHEDULED,BATTERY_CAPACITY,100.0,100.0,0.0,0.0,65.0,77.0,0.0,0.0,52.1,52.1,0.0,0.0,48.4,48.3,0.0,0.0,,,,,,,,,LEAD_ACID,
4412,10.63.171.147,SHD._20hor_13aBair_NMD40_ULN,339,2025-08-14 20:00:01,2025-08-14 20:44:59,44,SCHEDULED,BATTERY_CAPACITY,100.0,100.0,0.0,0.0,65.0,77.0,0.0,0.0,52.5,52.5,0.0,0.0,48.8,48.7,0.0,0.0,,,,,,,,,LEAD_ACID,
4413,10.63.171.147,SHD._20hor_13aBair_NMD40_ULN,338,2025-08-12 20:00:00,2025-08-12 20:37:42,37,SCHEDULED,BATTERY_CAPACITY,100.0,100.0,0.0,0.0,65.0,77.0,0.0,0.0,52.0,51.9,0.0,0.0,48.4,48.3,0.0,0.0,,,,,,,,,LEAD_ACID,
4414,10.63.171.147,SHD._20hor_13aBair_NMD40_ULN,337,2025-08-10 20:00:01,2025-08-10 20:39:50,39,SCHEDULED,BATTERY_CAPACITY,100.0,100.0,0.0,0.0,65.0,77.0,0.0,0.0,52.4,52.4,0.0,0.0,48.4,48.1,0.0,0.0,,,,,,,,,LEAD_ACID,
4415,10.63.171.147,SHD._20hor_13aBair_NMD40_ULN,336,2025-08-08 20:00:01,2025-08-08 20:41:35,41,SCHEDULED,BATTERY_CAPACITY,100.0,100.0,0.0,0.0,65.0,77.0,0.0,0.0,52.5,52.4,0.0,0.0,48.5,48.4,0.0,0.0,,,,,,,,,LEAD_ACID,
4416,10.63.171.147,SHD._20hor_13aBair_NMD40_ULN,335,2025-08-06 20:00:01,2025-08-06 20:42:40,42,SCHEDULED,BATTERY_CAPACITY,100.0,100.0,0.0,0.0,65.0,77.0,0.0,0.0,52.4,52.4,0.0,0.0,48.7,48.6,0.0,0.0,,,,,,,,,LEAD_ACID,
4417,10.63.171.147,SHD._20hor_13aBair_NMD40_ULN,334,2025-08-04 20:00:01,2025-08-04 20:43:58,43,SCHEDULED,BATTERY_CAPACITY,100.0,100.0,0.0,0.0,65.0,77.0,0.0,0.0,52.4,52.3,0.0,0.0,48.6,48.4,0.0,0.0,,,,,,,,,LEAD_ACID,
4418,10.63.171.147,SHD._20hor_13aBair_NMD40_ULN,333,2025-08-02 20:00:01,2025-08-02 20:44:33,44,SCHEDULED,BATTERY_CAPACITY,100.0,100.0,0.0,0.0,65.0,77.0,0.0,0.0,52.4,52.4,0.0,0.0,48.4,48.4,0.0,0.0,,,,,,,,,LEAD_ACID,
4419,10.63.171.147,SHD._20hor_13aBair_NMD40_ULN,332,2025-07-31 20:00:01,2025-07-31 20:41:19,41,SCHEDULED,BATTERY_CAPACITY,100.0,100.0,0.0,0.0,65.0,77.0,0.0,0.0,52.8,52.7,0.0,0.0,48.2,48.0,0.0,0.0,,,,,,,,,LEAD_ACID,
4420,10.63.171.147,SHD._20hor_13aBair_NMD40_ULN,331,2025-07-29 20:00:01,2025-07-29 20:09:23,9,SCHEDULED,BATTERY_VOLTAGE,100.0,100.0,0.0,0.0,91.0,96.0,0.0,0.0,51.8,51.7,0.0,0.0,46.4,46.4,0.0,0.0,,,,,,,,,LEAD_ACID,
4421,10.63.171.147,SHD._20hor_13aBair_NMD40_ULN,330,2025-07-27 20:00:01,2025-07-27 20:00:48,0,SCHEDULED,BATTERY_VOLTAGE,100.0,100.0,0.0,0.0,99.0,100.0,0.0,0.0,52.1,52.0,0.0,0.0,46.8,46.9,0.0,0.0,,,,,,,,,LEAD_ACID,
4422,10.63.171.147,SHD._20hor_13aBair_NMD40_ULN,329,2025-07-25 20:00:01,2025-07-25 20:09:55,9,SCHEDULED,BATTERY_VOLTAGE,100.0,100.0,0.0,0.0,91.0,96.0,0.0,0.0,52.3,52.2,0.0,0.0,46.8,46.8,0.0,0.0,,,,,,,,,LEAD_ACID,
4423,10.63.171.147,SHD._20hor_13aBair_NMD40_ULN,328,2025-07-23 20:00:01,2025-07-23 20:00:16,0,SCHEDULED,BATTERY_VOLTAGE,100.0,100.0,0.0,0.0,100.0,100.0,0.0,0.0,52.1,52.0,0.0,0.0,46.8,46.7,0.0,0.0,,,,,,,,,LEAD_ACID,
4424,10.63.171.147,SHD._20hor_13aBair_NMD40_ULN,327,2025-07-21 20:00:01,2025-07-21 20:12:35,12,SCHEDULED,BATTERY_VOLTAGE,100.0,100.0,0.0,0.0,89.0,95.0,0.0,0.0,52.1,52.0,0.0,0.0,46.7,46.7,0.0,0.0,,,,,,,,,LEAD_ACID,
4425,10.63.171.147,SHD._20hor_13aBair_NMD40_ULN,326,2025-07-19 20:00:01,2025-07-19 20:06:16,6,SCHEDULED,BATTERY_VOLTAGE,100.0,100.0,0.0,0.0,94.0,97.0,0.0,0.0,52.4,52.4,0.0,0.0,46.9,46.7,0.0,0.0,,,,,,,,,LEAD_ACID,
4426,10.63.171.147,SHD._20hor_13aBair_NMD40_ULN,325,2025-07-17 20:00:01,2025-07-17 20:07:05,7,SCHEDULED,BATTERY_VOLTAGE,100.0,100.0,0.0,0.0,93.0,97.0,0.0,0.0,50.9,50.7,0.0,0.0,46.9,46.6,0.0,0.0,,,,,,,,,LEAD_ACID,
4427,10.63.171.147,SHD._20hor_13aBair_NMD40_ULN,324,2025-07-15 20:00:01,2025-07-15 20:09:23,9,SCHEDULED,BATTERY_VOLTAGE,100.0,100.0,0.0,0.0,91.0,96.0,0.0,0.0,52.2,52.1,0.0,0.0,46.7,46.6,0.0,0.0,,,,,,,,,LEAD_ACID,
4428,10.63.171.147,SHD._20hor_13aBair_NMD40_ULN,323,2025-07-13 20:00:01,2025-07-13 20:16:32,16,SCHEDULED,BATTERY_VOLTAGE,100.0,100.0,0.0,0.0,88.0,93.0,0.0,0.0,51.7,51.6,0.0,0.0,46.7,46.6,0.0,0.0,,,,,,,,,LEAD_ACID,
4429,10.63.171.147,SHD._20hor_13aBair_NMD40_ULN,322,2025-07-11 20:00:01,2025-07-11 20:19:18,19,SCHEDULED,BATTERY_VOLTAGE,100.0,100.0,0.0,0.0,86.0,92.0,0.0,0.0,52.3,52.3,0.0,0.0,46.5,46.5,0.0,0.0,,,,,,,,,LEAD_ACID,
4430,10.63.171.147,SHD._20hor_13aBair_NMD40_ULN,321,2025-07-09 20:00:01,2025-07-09 20:00:38,0,SCHEDULED,BATTERY_VOLTAGE,100.0,100.0,0.0,0.0,99.0,100.0,0.0,0.0,52.1,52.0,0.0,0.0,46.4,46.4,0.0,0.0,,,,,,,,,LEAD_ACID,
4431,10.63.171.147,SHD._20hor_13aBair_NMD40_ULN,320,2025-07-07 20:00:01,2025-07-07 20:02:49,2,SCHEDULED,BATTERY_VOLTAGE,100.0,100.0,0.0,0.0,97.0,99.0,0.0,0.0,51.9,51.8,0.0,0.0,46.8,46.7,0.0,0.0,,,,,,,,,LEAD_ACID,
4432,10.63.171.147,SHD._20hor_13aBair_NMD40_ULN,319,2025-07-05 20:00:01,2025-07-05 20:08:25,8,SCHEDULED,BATTERY_VOLTAGE,100.0,100.0,0.0,0.0,93.0,96.0,0.0,0.0,52.3,52.2,0.0,0.0,46.6,46.4,0.0,0.0,,,,,,,,,LEAD_ACID,
4433,10.63.171.147,SHD._20hor_13aBair_NMD40_ULN,318,2025-07-03 20:00:01,2025-07-03 20:00:23,0,SCHEDULED,BATTERY_VOLTAGE,100.0,100.0,0.0,0.0,100.0,100.0,0.0,0.0,51.9,51.8,0.0,0.0,46.7,46.7,0.0,0.0,,,,,,,,,LEAD_ACID,
4434,10.63.171.147,SHD._20hor_13aBair_NMD40_ULN,317,2025-07-01 20:00:01,2025-07-01 20:00:53,0,SCHEDULED,BATTERY_VOLTAGE,100.0,100.0,0.0,0.0,99.0,100.0,0.0,0.0,51.9,51.8,0.0,0.0,46.8,46.7,0.0,0.0,,,,,,,,,LEAD_ACID,
4435,10.63.171.147,SHD._20hor_13aBair_NMD40_ULN,316,2025-06-29 20:00:01,2025-06-29 20:00:13,0,SCHEDULED,BATTERY_VOLTAGE,100.0,100.0,0.0,0.0,100.0,100.0,0.0,0.0,51.9,51.9,0.0,0.0,46.8,46.6,0.0,0.0,,,,,,,,,LEAD_ACID,
4436,10.63.171.147,SHD._20hor_13aBair_NMD40_ULN,315,2025-06-27 20:00:01,2025-06-27 20:00:41,0,SCHEDULED,BATTERY_VOLTAGE,100.0,100.0,0.0,0.0,99.0,100.0,0.0,0.0,51.7,51.6,0.0,0.0,46.4,46.4,0.0,0.0,,,,,,,,,LEAD_ACID,
4437,10.63.171.147,SHD._20hor_13aBair_NMD40_ULN,314,2025-06-25 23:03:28,2025-06-25 23:06:22,2,SCHEDULED,BATTERY_VOLTAGE,85.0,80.0,0.0,0.0,83.0,78.0,0.0,0.0,51.8,51.7,0.0,0.0,46.7,46.6,0.0,0.0,,,,,,,,,LEAD_ACID,
4438,10.63.171.147,SHD._20hor_13aBair_NMD40_ULN,313,2025-06-23 20:00:01,2025-06-23 20:01:43,1,SCHEDULED,BATTERY_VOLTAGE,100.0,100.0,0.0,0.0,99.0,99.0,0.0,0.0,51.4,51.4,0.0,0.0,46.5,46.5,0.0,0.0,,,,,,,,,LEAD_ACID,
4439,10.63.171.147,SHD._20hor_13aBair_NMD40_ULN,312,2025-06-21 02:31:35,2025-06-21 03:01:15,29,SCHEDULED,BATTERY_VOLTAGE,100.0,100.0,0.0,0.0,88.0,90.0,0.0,0.0,54.3,54.2,0.0,0.0,46.4,46.3,0.0,0.0,,,,,,,,,LEAD_ACID,
4440,10.63.171.147,SHD._20hor_13aBair_NMD40_ULN,311,2025-06-18 20:00:01,2025-06-18 20:11:34,11,SCHEDULED,BATTERY_VOLTAGE,100.0,100.0,0.0,0.0,90.0,95.0,0.0,0.0,52.5,52.4,0.0,0.0,46.6,46.5,0.0,0.0,,,,,,,,,LEAD_ACID,
4441,10.63.171.147,SHD._20hor_13aBair_NMD40_ULN,310,2025-06-16 20:00:01,2025-06-16 20:10:04,10,SCHEDULED,BATTERY_VOLTAGE,100.0,100.0,0.0,0.0,91.0,95.0,0.0,0.0,51.4,51.3,0.0,0.0,46.7,46.6,0.0,0.0,,,,,,,,,LEAD_ACID,
4442,10.63.171.147,SHD._20hor_13aBair_NMD40_ULN,309,2025-06-14 20:00:01,2025-06-14 20:10:05,10,SCHEDULED,BATTERY_VOLTAGE,100.0,100.0,0.0,0.0,91.0,95.0,0.0,0.0,52.1,52.1,0.0,0.0,46.6,46.6,0.0,0.0,,,,,,,,,LEAD_ACID,
4443,10.63.171.147,SHD._20hor_13aBair_NMD40_ULN,308,2025-06-12 20:00:01,2025-06-12 20:10:24,10,SCHEDULED,BATTERY_VOLTAGE,100.0,100.0,0.0,0.0,91.0,95.0,0.0,0.0,52.2,52.1,0.0,0.0,46.7,46.5,0.0,0.0,,,,,,,,,LEAD_ACID,
4444,10.63.171.147,SHD._20hor_13aBair_NMD40_ULN,307,2025-06-10 20:00:01,2025-06-10 20:09:59,9,SCHEDULED,BATTERY_VOLTAGE,100.0,100.0,0.0,0.0,91.0,95.0,0.0,0.0,52.5,52.5,0.0,0.0,46.6,46.6,0.0,0.0,,,,,,,,,LEAD_ACID,
4445,10.63.171.147,SHD._20hor_13aBair_NMD40_ULN,306,2025-06-08 20:00:01,2025-06-08 20:10:37,10,SCHEDULED,BATTERY_VOLTAGE,100.0,100.0,0.0,0.0,91.0,94.0,0.0,0.0,52.3,52.2,0.0,0.0,46.7,46.6,0.0,0.0,,,,,,,,,LEAD_ACID,
4446,10.63.171.147,SHD._20hor_13aBair_NMD40_ULN,305,2025-06-06 20:00:01,2025-06-06 20:08:40,8,SCHEDULED,BATTERY_VOLTAGE,100.0,100.0,0.0,0.0,92.0,96.0,0.0,0.0,52.8,52.8,0.0,0.0,46.6,46.6,0.0,0.0,,,,,,,,,LEAD_ACID,
4447,10.63.171.147,SHD._20hor_13aBair_NMD40_ULN,304,2025-06-04 20:00:01,2025-06-04 20:10:13,10,SCHEDULED,BATTERY_VOLTAGE,100.0,100.0,0.0,0.0,92.0,95.0,0.0,0.0,51.8,51.7,0.0,0.0,46.4,46.4,0.0,0.0,,,,,,,,,LEAD_ACID,
4448,10.63.171.147,SHD._20hor_13aBair_NMD40_ULN,303,2025-06-02 20:00:01,2025-06-02 20:09:46,9,SCHEDULED,BATTERY_VOLTAGE,100.0,100.0,0.0,0.0,91.0,95.0,0.0,0.0,53.0,52.9,0.0,0.0,46.4,46.4,0.0,0.0,,,,,,,,,LEAD_ACID,
4449,10.63.171.147,SHD._20hor_13aBair_NMD40_ULN,302,2025-05-31 20:00:01,2025-05-31 20:11:03,11,SCHEDULED,BATTERY_VOLTAGE,100.0,100.0,0.0,0.0,91.0,95.0,0.0,0.0,52.4,52.3,0.0,0.0,46.6,46.6,0.0,0.0,,,,,,,,,LEAD_ACID,
4450,10.63.171.147,SHD._20hor_13aBair_NMD40_ULN,301,2025-05-29 20:00:01,2025-05-29 20:12:29,12,SCHEDULED,BATTERY_VOLTAGE,100.0,100.0,0.0,0.0,90.0,93.0,0.0,0.0,51.9,51.9,0.0,0.0,46.6,46.6,0.0,0.0,,,,,,,,,LEAD_ACID,
4451,10.63.171.147,SHD._20hor_13aBair_NMD40_ULN,300,2025-05-27 20:00:01,2025-05-27 20:15:46,15,SCHEDULED,BATTERY_VOLTAGE,100.0,100.0,0.0,0.0,89.0,93.0,0.0,0.0,52.4,52.4,0.0,0.0,46.7,46.8,0.0,0.0,,,,,,,,,LEAD_ACID,
4452,10.63.171.147,SHD._20hor_13aBair_NMD40_ULN,299,2025-05-25 20:00:01,2025-05-25 20:12:23,12,SCHEDULED,BATTERY_VOLTAGE,100.0,100.0,0.0,0.0,90.0,94.0,0.0,0.0,52.6,52.5,0.0,0.0,46.6,46.6,0.0,0.0,,,,,,,,,LEAD_ACID,
4453,10.63.171.147,SHD._20hor_13aBair_NMD40_ULN,298,2025-05-23 20:00:01,2025-05-23 20:14:55,14,SCHEDULED,BATTERY_VOLTAGE,100.0,100.0,0.0,0.0,89.0,93.0,0.0,0.0,52.9,52.9,0.0,0.0,46.7,46.5,0.0,0.0,,,,,,,,,LEAD_ACID,
4454,10.63.171.147,SHD._20hor_13aBair_NMD40_ULN,297,2025-05-21 20:00:01,2025-05-21 20:14:25,14,SCHEDULED,BATTERY_VOLTAGE,100.0,100.0,0.0,0.0,88.0,93.0,0.0,0.0,52.8,52.7,0.0,0.0,46.7,46.6,0.0,0.0,,,,,,,,,LEAD_ACID,
4455,10.63.171.147,SHD._20hor_13aBair_NMD40_ULN,296,2025-05-19 20:00:01,2025-05-19 20:16:28,16,SCHEDULED,BATTERY_VOLTAGE,100.0,100.0,0.0,0.0,88.0,92.0,0.0,0.0,51.9,51.8,0.0,0.0,46.5,46.4,0.0,0.0,,,,,,,,,LEAD_ACID,
4456,10.63.171.147,SHD._20hor_13aBair_NMD40_ULN,295,2025-05-17 20:00:01,2025-05-17 20:18:04,18,SCHEDULED,BATTERY_VOLTAGE,100.0,100.0,0.0,0.0,86.0,91.0,0.0,0.0,52.9,52.8,0.0,0.0,46.8,46.8,0.0,0.0,,,,,,,,,LEAD_ACID,
4457,10.63.171.147,SHD._20hor_13aBair_NMD40_ULN,294,2025-05-15 01:56:38,2025-05-15 02:36:21,39,SCHEDULED,BATTERY_VOLTAGE,100.0,100.0,0.0,0.0,83.0,88.0,0.0,0.0,54.9,54.9,0.0,0.0,46.6,46.5,0.0,0.0,,,,,,,,,LEAD_ACID,
4458,10.63.171.147,SHD._20hor_13aBair_NMD40_ULN,293,2025-05-12 20:00:01,2025-05-12 20:25:18,25,SCHEDULED,BATTERY_VOLTAGE,100.0,100.0,0.0,0.0,82.0,88.0,0.0,0.0,52.0,51.9,0.0,0.0,46.8,46.7,0.0,0.0,,,,,,,,,LEAD_ACID,
4459,10.63.171.147,SHD._20hor_13aBair_NMD40_ULN,292,2025-05-10 02:15:24,2025-05-10 03:14:40,59,SCHEDULED,BATTERY_VOLTAGE,100.0,100.0,0.0,0.0,77.0,82.0,0.0,0.0,54.7,54.6,0.0,0.0,46.6,46.6,0.0,0.0,,,,,,,,,LEAD_ACID,
4460,10.63.171.147,SHD._20hor_13aBair_NMD40_ULN,291,2025-05-07 20:00:01,2025-05-07 20:15:50,15,SCHEDULED,BATTERY_VOLTAGE,100.0,100.0,0.0,0.0,89.0,92.0,0.0,0.0,52.5,52.4,0.0,0.0,46.6,46.5,0.0,0.0,,,,,,,,,LEAD_ACID,
4461,10.63.171.147,SHD._20hor_13aBair_NMD40_ULN,290,2025-05-05 20:00:01,2025-05-05 20:16:33,16,SCHEDULED,BATTERY_VOLTAGE,100.0,100.0,0.0,0.0,89.0,92.0,0.0,0.0,52.1,52.0,0.0,0.0,46.8,46.7,0.0,0.0,,,,,,,,,LEAD_ACID,
4462,10.63.171.147,SHD._20hor_13aBair_NMD40_ULN,289,2025-05-03 20:00:01,2025-05-03 20:11:28,11,SCHEDULED,BATTERY_VOLTAGE,100.0,100.0,0.0,0.0,92.0,94.0,0.0,0.0,52.6,52.5,0.0,0.0,46.5,46.5,0.0,0.0,,,,,,,,,LEAD_ACID,
4463,10.63.171.147,SHD._20hor_13aBair_NMD40_ULN,288,2025-05-01 20:00:01,2025-05-01 20:10:02,10,SCHEDULED,BATTERY_VOLTAGE,100.0,100.0,0.0,0.0,92.0,95.0,0.0,0.0,53.1,53.0,0.0,0.0,46.4,46.4,0.0,0.0,,,,,,,,,LEAD_ACID,
4464,10.63.171.147,SHD._20hor_13aBair_NMD40_ULN,287,2025-04-29 20:00:00,2025-04-29 20:12:10,12,SCHEDULED,BATTERY_VOLTAGE,100.0,100.0,0.0,0.0,91.0,94.0,0.0,0.0,52.5,52.4,0.0,0.0,46.6,46.6,0.0,0.0,,,,,,,,,LEAD_ACID,
4465,10.63.171.147,SHD._20hor_13aBair_NMD40_ULN,286,2025-04-27 20:00:00,2025-04-27 20:12:21,12,SCHEDULED,BATTERY_VOLTAGE,100.0,100.0,0.0,0.0,91.0,94.0,0.0,0.0,52.3,52.1,0.0,0.0,46.7,46.7,0.0,0.0,,,,,,,,,LEAD_ACID,
4466,10.63.171.147,SHD._20hor_13aBair_NMD40_ULN,285,2025-04-25 20:00:01,2025-04-25 20:12:01,12,SCHEDULED,BATTERY_VOLTAGE,100.0,100.0,0.0,0.0,91.0,94.0,0.0,0.0,52.4,52.2,0.0,0.0,46.5,46.5,0.0,0.0,,,,,,,,,LEAD_ACID,
4467,10.63.171.147,SHD._20hor_13aBair_NMD40_ULN,284,2025-04-23 20:00:01,2025-04-23 20:11:41,11,SCHEDULED,BATTERY_VOLTAGE,100.0,100.0,0.0,0.0,91.0,94.0,0.0,0.0,53.0,52.9,0.0,0.0,46.6,46.6,0.0,0.0,,,,,,,,,LEAD_ACID,
4468,10.63.171.147,SHD._20hor_13aBair_NMD40_ULN,283,2025-04-21 20:00:01,2025-04-21 20:13:47,13,SCHEDULED,BATTERY_VOLTAGE,100.0,100.0,0.0,0.0,90.0,93.0,0.0,0.0,52.1,52.0,0.0,0.0,46.6,46.4,0.0,0.0,,,,,,,,,LEAD_ACID,
4469,10.63.171.147,SHD._20hor_13aBair_NMD40_ULN,282,2025-04-19 20:00:01,2025-04-19 20:14:43,14,SCHEDULED,BATTERY_VOLTAGE,100.0,100.0,0.0,0.0,89.0,93.0,0.0,0.0,52.8,52.8,0.0,0.0,46.5,46.4,0.0,0.0,,,,,,,,,LEAD_ACID,
4470,10.63.171.147,SHD._20hor_13aBair_NMD40_ULN,281,2025-04-17 20:00:01,2025-04-17 20:12:44,12,SCHEDULED,BATTERY_VOLTAGE,100.0,100.0,0.0,0.0,91.0,94.0,0.0,0.0,52.4,52.4,0.0,0.0,46.4,46.3,0.0,0.0,,,,,,,,,LEAD_ACID,
4471,10.63.171.147,SHD._20hor_13aBair_NMD40_ULN,280,2025-04-15 20:00:01,2025-04-15 20:14:53,14,SCHEDULED,BATTERY_VOLTAGE,100.0,100.0,0.0,0.0,89.0,92.0,0.0,0.0,51.8,51.8,0.0,0.0,46.5,46.5,0.0,0.0,,,,,,,,,LEAD_ACID,
4472,10.63.171.147,SHD._20hor_13aBair_NMD40_ULN,279,2025-04-13 20:00:01,2025-04-13 20:12:17,12,SCHEDULED,BATTERY_VOLTAGE,100.0,100.0,0.0,0.0,90.0,94.0,0.0,0.0,52.5,52.4,0.0,0.0,46.4,46.4,0.0,0.0,,,,,,,,,LEAD_ACID,
4473,10.63.171.147,SHD._20hor_13aBair_NMD40_ULN,278,2025-04-11 20:00:00,2025-04-11 20:12:53,12,SCHEDULED,BATTERY_VOLTAGE,100.0,100.0,0.0,0.0,88.0,93.0,0.0,0.0,53.4,53.4,0.0,0.0,46.6,46.5,0.0,0.0,,,,,,,,,LEAD_ACID,
4474,10.63.171.147,SHD._20hor_13aBair_NMD40_ULN,277,2025-04-09 20:00:00,2025-04-09 20:16:55,16,SCHEDULED,BATTERY_VOLTAGE,100.0,100.0,0.0,0.0,88.0,91.0,0.0,0.0,51.9,51.9,0.0,0.0,46.5,46.4,0.0,0.0,,,,,,,,,LEAD_ACID,
4475,10.63.171.147,SHD._20hor_13aBair_NMD40_ULN,276,2025-04-07 20:00:01,2025-04-07 20:17:58,17,SCHEDULED,BATTERY_VOLTAGE,100.0,100.0,0.0,0.0,88.0,91.0,0.0,0.0,51.6,51.5,0.0,0.0,46.5,46.5,0.0,0.0,,,,,,,,,LEAD_ACID,
4476,10.63.171.147,SHD._20hor_13aBair_NMD40_ULN,275,2025-04-05 20:00:00,2025-04-05 20:14:41,14,SCHEDULED,BATTERY_VOLTAGE,100.0,100.0,0.0,0.0,89.0,92.0,0.0,0.0,52.4,52.4,0.0,0.0,46.7,46.6,0.0,0.0,,,,,,,,,LEAD_ACID,
4477,10.63.171.147,SHD._20hor_13aBair_NMD40_ULN,274,2025-04-03 20:00:01,2025-04-03 20:17:40,17,SCHEDULED,BATTERY_VOLTAGE,100.0,100.0,0.0,0.0,86.0,91.0,0.0,0.0,52.6,52.5,0.0,0.0,46.5,46.4,0.0,0.0,,,,,,,,,LEAD_ACID,
4478,10.63.171.147,SHD._20hor_13aBair_NMD40_ULN,273,2025-04-01 03:10:55,2025-04-01 03:42:23,31,SCHEDULED,BATTERY_VOLTAGE,100.0,100.0,0.0,0.0,88.0,90.0,0.0,0.0,54.7,54.6,0.0,0.0,46.6,46.4,0.0,0.0,,,,,,,,,LEAD_ACID,
4479,10.63.171.147,SHD._20hor_13aBair_NMD40_ULN,272,2025-03-29 20:00:01,2025-03-29 20:12:43,12,SCHEDULED,BATTERY_VOLTAGE,100.0,100.0,0.0,0.0,91.0,94.0,0.0,0.0,52.7,52.7,0.0,0.0,46.5,46.6,0.0,0.0,,,,,,,,,LEAD_ACID,
4480,10.63.171.147,SHD._20hor_13aBair_NMD40_ULN,271,2025-03-27 20:00:00,2025-03-27 20:12:03,12,SCHEDULED,BATTERY_VOLTAGE,100.0,100.0,0.0,0.0,90.0,94.0,0.0,0.0,53.9,53.8,0.0,0.0,46.5,46.5,0.0,0.0,,,,,,,,,LEAD_ACID,
4481,10.63.171.147,SHD._20hor_13aBair_NMD40_ULN,270,2025-03-25 20:00:01,2025-03-25 20:15:49,15,SCHEDULED,BATTERY_VOLTAGE,100.0,100.0,0.0,0.0,88.0,92.0,0.0,0.0,53.2,53.1,0.0,0.0,46.7,46.7,0.0,0.0,,,,,,,,,LEAD_ACID,
4482,10.63.171.147,SHD._20hor_13aBair_NMD40_ULN,269,2025-03-23 20:00:01,2025-03-23 20:16:01,16,SCHEDULED,BATTERY_VOLTAGE,100.0,100.0,0.0,0.0,89.0,92.0,0.0,0.0,52.9,52.8,0.0,0.0,46.6,46.5,0.0,0.0,,,,,,,,,LEAD_ACID,
4483,10.63.171.147,SHD._20hor_13aBair_NMD40_ULN,268,2025-03-21 20:00:01,2025-03-21 20:14:29,14,SCHEDULED,BATTERY_VOLTAGE,100.0,100.0,0.0,0.0,90.0,93.0,0.0,0.0,52.8,52.7,0.0,0.0,46.5,46.5,0.0,0.0,,,,,,,,,LEAD_ACID,
4484,10.63.171.147,SHD._20hor_13aBair_NMD40_ULN,267,2025-03-19 20:00:01,2025-03-19 20:15:39,15,SCHEDULED,BATTERY_VOLTAGE,100.0,100.0,0.0,0.0,89.0,92.0,0.0,0.0,53.0,53.0,0.0,0.0,46.6,46.6,0.0,0.0,,,,,,,,,LEAD_ACID,
4485,10.63.171.147,SHD._20hor_13aBair_NMD40_ULN,266,2025-03-17 20:00:01,2025-03-17 20:16:49,16,SCHEDULED,BATTERY_VOLTAGE,100.0,100.0,0.0,0.0,88.0,92.0,0.0,0.0,52.3,52.2,0.0,0.0,46.7,46.6,0.0,0.0,,,,,,,,,LEAD_ACID,
4486,10.63.171.147,SHD._20hor_13aBair_NMD40_ULN,265,2025-03-15 20:00:01,2025-03-15 20:16:05,16,SCHEDULED,BATTERY_VOLTAGE,100.0,100.0,0.0,0.0,88.0,92.0,0.0,0.0,52.7,52.7,0.0,0.0,46.6,46.4,0.0,0.0,,,,,,,,,LEAD_ACID,
4487,10.63.171.147,SHD._20hor_13aBair_NMD40_ULN,264,2025-03-13 20:00:01,2025-03-13 20:16:51,16,SCHEDULED,BATTERY_VOLTAGE,100.0,100.0,0.0,0.0,88.0,91.0,0.0,0.0,52.3,52.2,0.0,0.0,46.6,46.4,0.0,0.0,,,,,,,,,LEAD_ACID,
4488,10.63.171.147,SHD._20hor_13aBair_NMD40_ULN,263,2025-03-11 20:00:01,2025-03-11 20:16:38,16,SCHEDULED,BATTERY_VOLTAGE,100.0,100.0,0.0,0.0,88.0,91.0,0.0,0.0,52.1,52.0,0.0,0.0,46.6,46.5,0.0,0.0,,,,,,,,,LEAD_ACID,
4489,10.63.171.147,SHD._20hor_13aBair_NMD40_ULN,262,2025-03-09 20:00:01,2025-03-09 20:17:30,17,SCHEDULED,BATTERY_VOLTAGE,100.0,100.0,0.0,0.0,87.0,91.0,0.0,0.0,52.5,52.5,0.0,0.0,46.5,46.5,0.0,0.0,,,,,,,,,LEAD_ACID,
4490,10.63.171.147,SHD._20hor_13aBair_NMD40_ULN,261,2025-03-07 20:00:01,2025-03-07 20:18:57,18,SCHEDULED,BATTERY_VOLTAGE,100.0,100.0,0.0,0.0,87.0,90.0,0.0,0.0,52.4,52.4,0.0,0.0,46.4,46.4,0.0,0.0,,,,,,,,,LEAD_ACID,
4491,10.63.171.147,SHD._20hor_13aBair_NMD40_ULN,260,2025-03-05 20:00:01,2025-03-05 20:17:16,17,SCHEDULED,BATTERY_VOLTAGE,100.0,100.0,0.0,0.0,89.0,91.0,0.0,0.0,52.3,52.2,0.0,0.0,46.5,46.5,0.0,0.0,,,,,,,,,LEAD_ACID,
4492,10.63.171.147,SHD._20hor_13aBair_NMD40_ULN,259,2025-03-03 20:00:01,2025-03-03 20:17:11,17,SCHEDULED,BATTERY_VOLTAGE,100.0,100.0,0.0,0.0,88.0,90.0,0.0,0.0,52.0,51.9,0.0,0.0,46.6,46.7,0.0,0.0,,,,,,,,,LEAD_ACID,
4493,10.63.171.147,SHD._20hor_13aBair_NMD40_ULN,258,2025-03-01 20:00:01,2025-03-01 20:13:57,13,SCHEDULED,BATTERY_VOLTAGE,100.0,100.0,0.0,0.0,89.0,92.0,0.0,0.0,52.8,52.7,0.0,0.0,46.5,46.5,0.0,0.0,,,,,,,,,LEAD_ACID,
4494,10.63.171.147,SHD._20hor_13aBair_NMD40_ULN,257,2025-02-27 20:00:01,2025-02-27 20:16:45,16,SCHEDULED,BATTERY_VOLTAGE,100.0,100.0,0.0,0.0,88.0,91.0,0.0,0.0,52.9,52.8,0.0,0.0,46.4,46.4,0.0,0.0,,,,,,,,,LEAD_ACID,
4495,10.63.171.147,SHD._20hor_13aBair_NMD40_ULN,256,2025-02-25 20:00:01,2025-02-25 20:13:02,13,SCHEDULED,BATTERY_VOLTAGE,100.0,100.0,0.0,0.0,90.0,93.0,0.0,0.0,53.0,52.9,0.0,0.0,46.5,46.5,0.0,0.0,,,,,,,,,LEAD_ACID,
4496,10.63.171.147,SHD._20hor_13aBair_NMD40_ULN,255,2025-02-23 20:00:01,2025-02-23 20:15:52,15,SCHEDULED,BATTERY_VOLTAGE,100.0,100.0,0.0,0.0,89.0,91.0,0.0,0.0,52.7,52.7,0.0,0.0,46.7,46.6,0.0,0.0,,,,,,,,,LEAD_ACID,
4497,10.63.171.147,SHD._20hor_13aBair_NMD40_ULN,254,2025-02-21 20:00:01,2025-02-21 20:12:36,12,SCHEDULED,BATTERY_VOLTAGE,100.0,100.0,0.0,0.0,89.0,93.0,0.0,0.0,53.5,53.5,0.0,0.0,46.4,46.4,0.0,0.0,,,,,,,,,LEAD_ACID,
4498,10.63.171.147,SHD._20hor_13aBair_NMD40_ULN,253,2025-02-19 20:00:01,2025-02-19 20:15:09,15,SCHEDULED,BATTERY_VOLTAGE,100.0,100.0,0.0,0.0,90.0,92.0,0.0,0.0,52.5,52.4,0.0,0.0,46.5,46.5,0.0,0.0,,,,,,,,,LEAD_ACID,
4499,10.63.171.147,SHD._20hor_13aBair_NMD40_ULN,252,2025-02-17 20:00:01,2025-02-17 20:16:28,16,SCHEDULED,BATTERY_VOLTAGE,100.0,100.0,0.0,0.0,89.0,91.0,0.0,0.0,52.0,51.9,0.0,0.0,46.7,46.7,0.0,0.0,,,,,,,,,LEAD_ACID,
4500,10.63.171.147,SHD._20hor_13aBair_NMD40_ULN,251,2025-02-15 20:00:01,2025-02-15 20:14:19,14,SCHEDULED,BATTERY_VOLTAGE,100.0,100.0,0.0,0.0,89.0,92.0,0.0,0.0,52.4,52.3,0.0,0.0,46.4,46.5,0.0,0.0,,,,,,,,,LEAD_ACID,
4501,10.63.171.147,SHD._20hor_13aBair_NMD40_ULN,250,2025-02-13 20:00:01,2025-02-13 20:15:53,15,SCHEDULED,BATTERY_VOLTAGE,100.0,100.0,0.0,0.0,89.0,92.0,0.0,0.0,52.7,52.6,0.0,0.0,46.6,46.6,0.0,0.0,,,,,,,,,LEAD_ACID,
4502,10.63.171.147,SHD._20hor_13aBair_NMD40_ULN,249,2025-02-11 20:00:01,2025-02-11 20:13:03,13,SCHEDULED,BATTERY_VOLTAGE,100.0,100.0,0.0,0.0,90.0,93.0,0.0,0.0,53.0,53.0,0.0,0.0,46.6,46.6,0.0,0.0,,,,,,,,,LEAD_ACID,
4503,10.63.171.147,SHD._20hor_13aBair_NMD40_ULN,248,2025-02-09 20:00:01,2025-02-09 20:13:58,13,SCHEDULED,BATTERY_VOLTAGE,100.0,100.0,0.0,0.0,90.0,93.0,0.0,0.0,53.1,53.0,0.0,0.0,46.6,46.5,0.0,0.0,,,,,,,,,LEAD_ACID,
4504,10.63.171.147,SHD._20hor_13aBair_NMD40_ULN,247,2025-02-07 20:00:01,2025-02-07 20:10:48,10,SCHEDULED,BATTERY_VOLTAGE,100.0,100.0,0.0,0.0,91.0,94.0,0.0,0.0,53.5,53.4,0.0,0.0,46.6,46.5,0.0,0.0,,,,,,,,,LEAD_ACID,
4505,10.63.171.147,SHD._20hor_13aBair_NMD40_ULN,246,2025-02-05 20:00:01,2025-02-05 20:11:14,11,SCHEDULED,BATTERY_VOLTAGE,100.0,100.0,0.0,0.0,90.0,94.0,0.0,0.0,54.4,54.4,0.0,0.0,46.7,46.7,0.0,0.0,,,,,,,,,LEAD_ACID,
4506,10.63.171.147,SHD._20hor_13aBair_NMD40_ULN,245,2025-02-03 20:00:01,2025-02-03 20:14:59,14,SCHEDULED,BATTERY_VOLTAGE,100.0,100.0,0.0,0.0,89.0,92.0,0.0,0.0,52.7,52.6,0.0,0.0,46.6,46.4,0.0,0.0,,,,,,,,,LEAD_ACID,
4507,10.63.171.147,SHD._20hor_13aBair_NMD40_ULN,244,2025-02-01 20:00:01,2025-02-01 20:16:28,16,SCHEDULED,BATTERY_VOLTAGE,100.0,100.0,0.0,0.0,88.0,91.0,0.0,0.0,52.1,52.0,0.0,0.0,46.5,46.5,0.0,0.0,,,,,,,,,LEAD_ACID,
4508,10.63.171.147,SHD._20hor_13aBair_NMD40_ULN,243,2025-01-30 20:00:01,2025-01-30 20:17:58,17,SCHEDULED,BATTERY_VOLTAGE,100.0,100.0,0.0,0.0,88.0,91.0,0.0,0.0,52.6,52.5,0.0,0.0,46.6,46.5,0.0,0.0,,,,,,,,,LEAD_ACID,
4509,10.63.171.147,SHD._20hor_13aBair_NMD40_ULN,242,2025-01-28 20:08:47,2025-01-28 20:26:06,17,SCHEDULED,BATTERY_VOLTAGE,100.0,100.0,0.0,0.0,88.0,91.0,0.0,0.0,54.5,54.3,0.0,0.0,46.5,46.5,0.0,0.0,,,,,,,,,LEAD_ACID,
4510,10.63.171.147,SHD._20hor_13aBair_NMD40_ULN,241,2025-01-26 20:00:01,2025-01-26 20:18:28,18,SCHEDULED,BATTERY_VOLTAGE,100.0,100.0,0.0,0.0,87.0,90.0,0.0,0.0,53.0,52.9,0.0,0.0,46.6,46.4,0.0,0.0,,,,,,,,,LEAD_ACID,
4511,10.63.171.147,SHD._20hor_13aBair_NMD40_ULN,240,2025-01-24 20:00:01,2025-01-24 20:25:12,25,SCHEDULED,BATTERY_VOLTAGE,100.0,100.0,0.0,0.0,84.0,87.0,0.0,0.0,52.7,52.6,0.0,0.0,46.5,46.5,0.0,0.0,,,,,,,,,LEAD_ACID,
4512,10.63.171.147,SHD._20hor_13aBair_NMD40_ULN,239,2025-01-22 20:00:01,2025-01-22 20:25:13,25,SCHEDULED,BATTERY_VOLTAGE,100.0,100.0,0.0,0.0,85.0,87.0,0.0,0.0,52.3,52.2,0.0,0.0,46.8,46.6,0.0,0.0,,,,,,,,,LEAD_ACID,
4513,10.63.171.147,SHD._20hor_13aBair_NMD40_ULN,238,2025-01-20 20:00:01,2025-01-20 20:21:38,21,SCHEDULED,BATTERY_VOLTAGE,100.0,100.0,0.0,0.0,87.0,89.0,0.0,0.0,52.0,51.9,0.0,0.0,46.5,46.6,0.0,0.0,,,,,,,,,LEAD_ACID,
4514,10.63.171.147,SHD._20hor_13aBair_NMD40_ULN,237,2025-01-18 20:00:01,2025-01-18 20:23:02,23,SCHEDULED,BATTERY_VOLTAGE,100.0,100.0,0.0,0.0,86.0,88.0,0.0,0.0,51.6,51.6,0.0,0.0,46.5,46.5,0.0,0.0,,,,,,,,,LEAD_ACID,
4515,10.63.171.147,SHD._20hor_13aBair_NMD40_ULN,236,2025-01-16 20:00:01,2025-01-16 20:21:19,21,SCHEDULED,BATTERY_VOLTAGE,100.0,100.0,0.0,0.0,87.0,90.0,0.0,0.0,52.5,52.5,0.0,0.0,46.5,46.5,0.0,0.0,,,,,,,,,LEAD_ACID,
4516,10.63.171.147,SHD._20hor_13aBair_NMD40_ULN,235,2025-01-14 20:00:01,2025-01-14 20:20:59,20,SCHEDULED,BATTERY_VOLTAGE,100.0,100.0,0.0,0.0,86.0,89.0,0.0,0.0,53.1,53.1,0.0,0.0,46.4,46.4,0.0,0.0,,,,,,,,,LEAD_ACID,
4517,10.63.171.147,SHD._20hor_13aBair_NMD40_ULN,234,2025-01-12 20:00:01,2025-01-12 20:22:04,22,SCHEDULED,BATTERY_VOLTAGE,100.0,100.0,0.0,0.0,86.0,89.0,0.0,0.0,52.1,52.1,0.0,0.0,46.6,46.7,0.0,0.0,,,,,,,,,LEAD_ACID,
4518,10.63.171.147,SHD._20hor_13aBair_NMD40_ULN,233,2025-01-10 20:00:01,2025-01-10 20:21:46,21,SCHEDULED,BATTERY_VOLTAGE,100.0,100.0,0.0,0.0,86.0,89.0,0.0,0.0,52.1,52.0,0.0,0.0,46.4,46.4,0.0,0.0,,,,,,,,,LEAD_ACID,
4519,10.63.171.147,SHD._20hor_13aBair_NMD40_ULN,232,2025-01-08 20:00:01,2025-01-08 20:20:01,20,SCHEDULED,BATTERY_VOLTAGE,100.0,100.0,0.0,0.0,86.0,89.0,0.0,0.0,52.1,51.9,0.0,0.0,46.6,46.6,0.0,0.0,,,,,,,,,LEAD_ACID,
4520,10.63.171.147,SHD._20hor_13aBair_NMD40_ULN,231,2025-01-06 20:00:01,2025-01-06 20:22:22,22,SCHEDULED,BATTERY_VOLTAGE,100.0,100.0,0.0,0.0,85.0,88.0,0.0,0.0,52.2,52.1,0.0,0.0,46.5,46.5,0.0,0.0,,,,,,,,,LEAD_ACID,
4521,10.63.171.147,SHD._20hor_13aBair_NMD40_ULN,230,2025-01-04 20:00:01,2025-01-04 20:25:32,25,SCHEDULED,BATTERY_VOLTAGE,100.0,100.0,0.0,0.0,83.0,87.0,0.0,0.0,52.4,52.4,0.0,0.0,46.6,46.6,0.0,0.0,,,,,,,,,LEAD_ACID,
4522,10.63.171.147,SHD._20hor_13aBair_NMD40_ULN,229,2025-01-02 20:00:01,2025-01-02 20:24:43,24,SCHEDULED,BATTERY_VOLTAGE,100.0,100.0,0.0,0.0,83.0,87.0,0.0,0.0,52.3,52.2,0.0,0.0,46.4,46.5,0.0,0.0,,,,,,,,,LEAD_ACID,
4523,10.63.171.147,SHD._20hor_13aBair_NMD40_ULN,228,2024-12-31 20:00:01,2024-12-31 20:27:23,27,SCHEDULED,BATTERY_VOLTAGE,100.0,100.0,0.0,0.0,83.0,87.0,0.0,0.0,52.1,52.0,0.0,0.0,46.3,46.2,0.0,0.0,,,,,,,,,LEAD_ACID,
4524,10.63.171.147,SHD._20hor_13aBair_NMD40_ULN,227,2024-12-29 20:00:01,2024-12-29 20:24:30,24,SCHEDULED,BATTERY_VOLTAGE,100.0,100.0,0.0,0.0,84.0,88.0,0.0,0.0,52.7,52.6,0.0,0.0,46.6,46.6,0.0,0.0,,,,,,,,,LEAD_ACID,
4525,10.63.171.147,SHD._20hor_13aBair_NMD40_ULN,226,2024-12-27 20:00:01,2024-12-27 20:24:46,24,SCHEDULED,BATTERY_VOLTAGE,100.0,100.0,0.0,0.0,84.0,88.0,0.0,0.0,52.3,52.2,0.0,0.0,46.6,46.6,0.0,0.0,,,,,,,,,LEAD_ACID,
4526,10.63.171.147,SHD._20hor_13aBair_NMD40_ULN,225,2024-12-25 20:00:01,2024-12-25 20:24:57,24,SCHEDULED,BATTERY_VOLTAGE,100.0,100.0,0.0,0.0,82.0,87.0,0.0,0.0,53.0,52.9,0.0,0.0,46.6,46.5,0.0,0.0,,,,,,,,,LEAD_ACID,
4527,10.63.171.147,SHD._20hor_13aBair_NMD40_ULN,224,2024-12-23 04:50:33,2024-12-23 05:36:48,46,SCHEDULED,BATTERY_VOLTAGE,100.0,100.0,0.0,0.0,80.0,84.0,0.0,0.0,54.7,54.6,0.0,0.0,46.4,46.5,0.0,0.0,,,,,,,,,LEAD_ACID,
4528,10.63.171.147,SHD._20hor_13aBair_NMD40_ULN,223,2024-12-20 20:00:01,2024-12-20 20:25:27,25,SCHEDULED,BATTERY_VOLTAGE,100.0,100.0,0.0,0.0,83.0,87.0,0.0,0.0,52.7,52.7,0.0,0.0,46.5,46.5,0.0,0.0,,,,,,,,,LEAD_ACID,
4529,10.63.171.147,SHD._20hor_13aBair_NMD40_ULN,222,2024-12-18 20:00:01,2024-12-18 20:27:28,27,SCHEDULED,BATTERY_VOLTAGE,100.0,100.0,0.0,0.0,82.0,86.0,0.0,0.0,52.2,52.2,0.0,0.0,46.6,46.5,0.0,0.0,,,,,,,,,LEAD_ACID,
4530,10.63.171.147,SHD._20hor_13aBair_NMD40_ULN,221,2024-12-16 20:00:01,2024-12-16 20:27:41,27,SCHEDULED,BATTERY_VOLTAGE,100.0,100.0,0.0,0.0,82.0,86.0,0.0,0.0,52.2,52.1,0.0,0.0,46.8,46.8,0.0,0.0,,,,,,,,,LEAD_ACID,
4531,10.63.171.147,SHD._20hor_13aBair_NMD40_ULN,220,2024-12-14 20:00:01,2024-12-14 20:27:14,27,SCHEDULED,BATTERY_VOLTAGE,100.0,100.0,0.0,0.0,83.0,86.0,0.0,0.0,52.4,52.4,0.0,0.0,46.5,46.5,0.0,0.0,,,,,,,,,LEAD_ACID,
4532,10.63.171.147,SHD._20hor_13aBair_NMD40_ULN,219,2024-12-12 20:00:01,2024-12-12 20:26:06,26,SCHEDULED,BATTERY_VOLTAGE,100.0,100.0,0.0,0.0,83.0,86.0,0.0,0.0,52.4,52.4,0.0,0.0,46.6,46.6,0.0,0.0,,,,,,,,,LEAD_ACID,
4533,10.63.171.147,SHD._20hor_13aBair_NMD40_ULN,218,2024-12-10 20:00:01,2024-12-10 20:24:22,24,SCHEDULED,BATTERY_VOLTAGE,100.0,100.0,0.0,0.0,84.0,87.0,0.0,0.0,51.8,51.7,0.0,0.0,46.6,46.5,0.0,0.0,,,,,,,,,LEAD_ACID,
4534,10.63.171.147,SHD._20hor_13aBair_NMD40_ULN,217,2024-12-08 20:00:01,2024-12-08 20:21:39,21,SCHEDULED,BATTERY_VOLTAGE,100.0,100.0,0.0,0.0,85.0,88.0,0.0,0.0,52.2,52.1,0.0,0.0,46.5,46.5,0.0,0.0,,,,,,,,,LEAD_ACID,
4535,10.63.171.147,SHD._20hor_13aBair_NMD40_ULN,216,2024-12-06 20:00:01,2024-12-06 20:19:43,19,SCHEDULED,BATTERY_VOLTAGE,100.0,100.0,0.0,0.0,86.0,89.0,0.0,0.0,52.8,52.8,0.0,0.0,46.5,46.4,0.0,0.0,,,,,,,,,LEAD_ACID,
4536,10.63.171.147,SHD._20hor_13aBair_NMD40_ULN,215,2024-12-04 20:00:01,2024-12-04 20:57:14,57,SCHEDULED,BATTERY_VOLTAGE,100.0,100.0,0.0,0.0,85.0,88.0,0.0,0.0,52.9,52.8,0.0,0.0,46.5,46.5,0.0,0.0,,,,,,,,,LEAD_ACID,
4537,10.63.171.147,SHD._20hor_13aBair_NMD40_ULN,214,2024-12-02 20:00:01,2024-12-02 20:20:56,20,SCHEDULED,BATTERY_VOLTAGE,100.0,100.0,0.0,0.0,86.0,89.0,0.0,0.0,52.4,53.0,0.0,0.0,46.4,46.5,0.0,0.0,,,,,,,,,LEAD_ACID,
4538,10.63.171.147,SHD._20hor_13aBair_NMD40_ULN,213,2024-11-30 20:00:01,2024-11-30 20:27:13,27,SCHEDULED,BATTERY_VOLTAGE,100.0,100.0,0.0,0.0,83.0,87.0,0.0,0.0,52.8,52.8,0.0,0.0,46.6,46.5,0.0,0.0,,,,,,,,,LEAD_ACID,
4539,10.63.171.147,SHD._20hor_13aBair_NMD40_ULN,212,2024-11-28 20:00:01,2024-11-28 20:26:29,26,SCHEDULED,BATTERY_VOLTAGE,100.0,100.0,0.0,0.0,84.0,88.0,0.0,0.0,52.5,52.4,0.0,0.0,46.4,46.4,0.0,0.0,,,,,,,,,LEAD_ACID,
4540,10.63.171.147,SHD._20hor_13aBair_NMD40_ULN,211,2024-11-26 20:00:01,2024-11-26 20:25:19,25,SCHEDULED,BATTERY_VOLTAGE,100.0,100.0,0.0,0.0,83.0,87.0,0.0,0.0,52.7,52.6,0.0,0.0,46.6,46.5,0.0,0.0,,,,,,,,,LEAD_ACID,
4541,10.63.171.147,SHD._20hor_13aBair_NMD40_ULN,210,2024-11-24 20:00:01,2024-11-24 20:28:00,27,SCHEDULED,BATTERY_VOLTAGE,100.0,100.0,0.0,0.0,81.0,86.0,0.0,0.0,53.5,53.4,0.0,0.0,46.5,46.5,0.0,0.0,,,,,,,,,LEAD_ACID,
4542,10.63.171.147,SHD._20hor_13aBair_NMD40_ULN,209,2024-11-22 20:00:01,2024-11-22 20:30:33,30,SCHEDULED,BATTERY_VOLTAGE,100.0,100.0,0.0,0.0,82.0,86.0,0.0,0.0,52.8,52.8,0.0,0.0,46.6,46.6,0.0,0.0,,,,,,,,,LEAD_ACID,
4543,10.63.171.147,SHD._20hor_13aBair_NMD40_ULN,208,2024-11-20 20:00:00,2024-11-20 20:30:46,30,SCHEDULED,BATTERY_VOLTAGE,100.0,100.0,0.0,0.0,82.0,86.0,0.0,0.0,52.7,52.7,0.0,0.0,46.5,46.4,0.0,0.0,,,,,,,,,LEAD_ACID,
4544,10.63.171.147,SHD._20hor_13aBair_NMD40_ULN,207,2024-11-18 20:00:01,2024-11-18 20:30:21,30,SCHEDULED,BATTERY_VOLTAGE,100.0,100.0,0.0,0.0,82.0,86.0,0.0,0.0,52.0,52.0,0.0,0.0,46.5,46.4,0.0,0.0,,,,,,,,,LEAD_ACID,
4545,10.63.171.147,SHD._20hor_13aBair_NMD40_ULN,206,2024-11-16 20:00:01,2024-11-16 20:27:30,27,SCHEDULED,BATTERY_VOLTAGE,100.0,100.0,0.0,0.0,83.0,87.0,0.0,0.0,53.3,53.3,0.0,0.0,46.6,46.5,0.0,0.0,,,,,,,,,LEAD_ACID,
4546,10.63.171.147,SHD._20hor_13aBair_NMD40_ULN,205,2024-11-14 20:00:01,2024-11-14 20:33:16,33,SCHEDULED,BATTERY_VOLTAGE,100.0,100.0,0.0,0.0,80.0,84.0,0.0,0.0,52.1,52.0,0.0,0.0,46.6,46.6,0.0,0.0,,,,,,,,,LEAD_ACID,
4547,10.63.171.147,SHD._20hor_13aBair_NMD40_ULN,204,2024-11-12 20:00:01,2024-11-12 20:32:58,32,SCHEDULED,BATTERY_VOLTAGE,100.0,100.0,0.0,0.0,80.0,84.0,0.0,0.0,52.4,52.3,0.0,0.0,46.6,46.5,0.0,0.0,,,,,,,,,LEAD_ACID,
4548,10.63.171.147,SHD._20hor_13aBair_NMD40_ULN,203,2024-11-10 20:00:00,2024-11-10 20:35:42,35,SCHEDULED,BATTERY_VOLTAGE,100.0,100.0,0.0,0.0,79.0,84.0,0.0,0.0,52.2,52.1,0.0,0.0,46.7,46.6,0.0,0.0,,,,,,,,,LEAD_ACID,
4549,10.63.171.147,SHD._20hor_13aBair_NMD40_ULN,202,2024-11-08 20:00:01,2024-11-08 20:37:47,37,SCHEDULED,BATTERY_VOLTAGE,100.0,100.0,0.0,0.0,79.0,83.0,0.0,0.0,52.5,52.3,0.0,0.0,46.5,46.5,0.0,0.0,,,,,,,,,LEAD_ACID,
4550,10.63.171.147,SHD._20hor_13aBair_NMD40_ULN,201,2024-11-06 20:00:01,2024-11-06 20:39:23,39,SCHEDULED,BATTERY_VOLTAGE,100.0,100.0,0.0,0.0,79.0,83.0,0.0,0.0,52.5,52.3,0.0,0.0,46.6,46.4,0.0,0.0,,,,,,,,,LEAD_ACID,
4551,10.63.171.147,SHD._20hor_13aBair_NMD40_ULN,200,2024-11-04 20:00:01,2024-11-04 20:34:09,34,SCHEDULED,BATTERY_VOLTAGE,100.0,100.0,0.0,0.0,80.0,84.0,0.0,0.0,51.9,51.8,0.0,0.0,46.6,46.5,0.0,0.0,,,,,,,,,LEAD_ACID,
4552,10.63.171.147,SHD._20hor_13aBair_NMD40_ULN,199,2024-11-02 20:00:01,2024-11-02 20:39:44,39,SCHEDULED,BATTERY_VOLTAGE,100.0,100.0,0.0,0.0,77.0,82.0,0.0,0.0,52.1,52.0,0.0,0.0,46.4,46.4,0.0,0.0,,,,,,,,,LEAD_ACID,
4553,10.63.171.147,SHD._20hor_13aBair_NMD40_ULN,198,2024-10-31 20:00:01,2024-10-31 20:39:49,39,SCHEDULED,BATTERY_VOLTAGE,100.0,100.0,0.0,0.0,78.0,82.0,0.0,0.0,52.4,52.3,0.0,0.0,46.6,46.5,0.0,0.0,,,,,,,,,LEAD_ACID,
4554,10.63.171.147,SHD._20hor_13aBair_NMD40_ULN,197,2024-10-29 20:00:01,2024-10-29 20:36:10,36,SCHEDULED,BATTERY_VOLTAGE,100.0,100.0,0.0,0.0,79.0,83.0,0.0,0.0,51.9,52.7,0.0,0.0,46.4,46.4,0.0,0.0,,,,,,,,,LEAD_ACID,
4555,10.63.171.147,SHD._20hor_13aBair_NMD40_ULN,196,2024-10-27 20:00:01,2024-10-27 20:39:09,39,SCHEDULED,BATTERY_VOLTAGE,100.0,100.0,0.0,0.0,78.0,82.0,0.0,0.0,52.2,52.1,0.0,0.0,46.6,46.6,0.0,0.0,,,,,,,,,LEAD_ACID,
4556,10.63.171.147,SHD._20hor_13aBair_NMD40_ULN,195,2024-10-25 20:00:01,2024-10-25 20:31:55,31,SCHEDULED,BATTERY_VOLTAGE,100.0,100.0,0.0,0.0,80.0,84.0,0.0,0.0,52.0,51.9,0.0,0.0,46.6,46.6,0.0,0.0,,,,,,,,,LEAD_ACID,
4557,10.63.171.147,SHD._20hor_13aBair_NMD40_ULN,194,2024-10-23 20:00:01,2024-10-23 20:28:35,28,SCHEDULED,BATTERY_VOLTAGE,100.0,100.0,0.0,0.0,81.0,85.0,0.0,0.0,52.1,52.0,0.0,0.0,46.4,46.3,0.0,0.0,,,,,,,,,LEAD_ACID,
4558,10.63.171.147,SHD._20hor_13aBair_NMD40_ULN,193,2024-10-21 20:00:01,2024-10-21 20:34:19,34,SCHEDULED,BATTERY_VOLTAGE,100.0,100.0,0.0,0.0,80.0,84.0,0.0,0.0,52.7,52.6,0.0,0.0,46.7,46.6,0.0,0.0,,,,,,,,,LEAD_ACID,
4559,10.63.171.147,SHD._20hor_13aBair_NMD40_ULN,192,2024-10-19 20:00:01,2024-10-19 20:34:30,34,SCHEDULED,BATTERY_VOLTAGE,100.0,100.0,0.0,0.0,80.0,84.0,0.0,0.0,52.3,52.3,0.0,0.0,46.3,46.2,0.0,0.0,,,,,,,,,LEAD_ACID,
4560,10.63.171.147,SHD._20hor_13aBair_NMD40_ULN,191,2024-10-17 20:00:01,2024-10-17 20:33:39,33,SCHEDULED,BATTERY_VOLTAGE,100.0,100.0,0.0,0.0,80.0,84.0,0.0,0.0,52.5,52.3,0.0,0.0,46.5,46.5,0.0,0.0,,,,,,,,,LEAD_ACID,
4561,10.63.171.147,SHD._20hor_13aBair_NMD40_ULN,190,2024-10-15 20:00:01,2024-10-15 20:34:19,34,SCHEDULED,BATTERY_VOLTAGE,100.0,100.0,0.0,0.0,81.0,84.0,0.0,0.0,52.6,52.5,0.0,0.0,46.6,46.5,0.0,0.0,,,,,,,,,LEAD_ACID,
4562,10.63.171.147,SHD._20hor_13aBair_NMD40_ULN,189,2024-10-13 20:00:01,2024-10-13 20:30:10,30,SCHEDULED,BATTERY_VOLTAGE,100.0,100.0,0.0,0.0,79.0,84.0,0.0,0.0,52.5,52.4,0.0,0.0,46.4,46.3,0.0,0.0,,,,,,,,,LEAD_ACID,
4563,10.63.171.147,SHD._20hor_13aBair_NMD40_ULN,188,2024-10-11 20:00:01,2024-10-11 20:34:12,34,SCHEDULED,BATTERY_VOLTAGE,100.0,100.0,0.0,0.0,80.0,84.0,0.0,0.0,52.6,52.5,0.0,0.0,46.4,46.4,0.0,0.0,,,,,,,,,LEAD_ACID,
4564,10.63.171.147,SHD._20hor_13aBair_NMD40_ULN,187,2024-10-09 20:00:01,2024-10-09 20:36:01,36,SCHEDULED,BATTERY_VOLTAGE,100.0,100.0,0.0,0.0,79.0,84.0,0.0,0.0,52.4,52.3,0.0,0.0,46.6,46.6,0.0,0.0,,,,,,,,,LEAD_ACID,
4565,10.63.171.147,SHD._20hor_13aBair_NMD40_ULN,186,2024-10-07 20:00:00,2024-10-07 20:34:36,34,SCHEDULED,BATTERY_VOLTAGE,100.0,100.0,0.0,0.0,80.0,84.0,0.0,0.0,52.7,52.5,0.0,0.0,46.3,46.2,0.0,0.0,,,,,,,,,LEAD_ACID,
4566,10.63.171.147,SHD._20hor_13aBair_NMD40_ULN,185,2024-10-05 20:00:00,2024-10-05 20:27:50,27,SCHEDULED,BATTERY_VOLTAGE,100.0,100.0,0.0,0.0,81.0,85.0,0.0,0.0,52.0,52.0,0.0,0.0,46.5,46.5,0.0,0.0,,,,,,,,,LEAD_ACID,
4567,10.63.171.147,SHD._20hor_13aBair_NMD40_ULN,184,2024-10-03 22:12:04,2024-10-03 22:52:00,39,SCHEDULED,BATTERY_VOLTAGE,100.0,100.0,0.0,0.0,78.0,83.0,0.0,0.0,54.6,54.5,0.0,0.0,46.5,46.5,0.0,0.0,,,,,,,,,LEAD_ACID,
4568,10.63.171.147,SHD._20hor_13aBair_NMD40_ULN,183,2024-10-01 20:00:01,2024-10-01 20:37:11,37,SCHEDULED,BATTERY_VOLTAGE,100.0,100.0,0.0,0.0,77.0,82.0,0.0,0.0,52.8,52.7,0.0,0.0,46.5,46.5,0.0,0.0,,,,,,,,,LEAD_ACID,
4569,10.63.171.147,SHD._20hor_13aBair_NMD40_ULN,182,2024-09-29 20:00:01,2024-09-29 20:33:44,33,SCHEDULED,BATTERY_VOLTAGE,100.0,100.0,0.0,0.0,78.0,84.0,0.0,0.0,53.0,52.9,0.0,0.0,46.6,46.5,0.0,0.0,,,,,,,,,LEAD_ACID,
4570,10.63.171.147,SHD._20hor_13aBair_NMD40_ULN,181,2024-09-27 20:00:00,2024-09-27 20:26:01,26,SCHEDULED,BATTERY_VOLTAGE,100.0,100.0,0.0,0.0,84.0,87.0,0.0,0.0,52.8,52.6,0.0,0.0,46.6,46.5,0.0,0.0,,,,,,,,,LEAD_ACID,
4571,10.63.171.147,SHD._20hor_13aBair_NMD40_ULN,180,2024-09-25 20:00:01,2024-09-25 20:37:37,37,SCHEDULED,BATTERY_VOLTAGE,100.0,100.0,0.0,0.0,76.0,82.0,0.0,0.0,52.8,52.8,0.0,0.0,46.5,46.4,0.0,0.0,,,,,,,,,LEAD_ACID,
4572,10.63.171.147,SHD._20hor_13aBair_NMD40_ULN,179,2024-09-23 20:00:01,2024-09-23 20:38:53,38,SCHEDULED,BATTERY_VOLTAGE,100.0,100.0,0.0,0.0,76.0,82.0,0.0,0.0,52.2,52.1,0.0,0.0,46.6,46.6,0.0,0.0,,,,,,,,,LEAD_ACID,
4573,10.63.171.147,SHD._20hor_13aBair_NMD40_ULN,178,2024-09-21 20:00:01,2024-09-21 20:35:09,35,SCHEDULED,BATTERY_VOLTAGE,100.0,100.0,0.0,0.0,78.0,84.0,0.0,0.0,52.9,52.9,0.0,0.0,46.6,46.6,0.0,0.0,,,,,,,,,LEAD_ACID,
4574,10.63.171.147,SHD._20hor_13aBair_NMD40_ULN,177,2024-09-19 20:00:01,2024-09-19 20:38:39,38,SCHEDULED,BATTERY_VOLTAGE,100.0,100.0,0.0,0.0,77.0,83.0,0.0,0.0,53.0,53.0,0.0,0.0,46.6,46.6,0.0,0.0,,,,,,,,,LEAD_ACID,
4575,10.63.171.147,SHD._20hor_13aBair_NMD40_ULN,176,2024-09-17 20:00:01,2024-09-17 20:42:43,42,SCHEDULED,BATTERY_VOLTAGE,100.0,100.0,0.0,0.0,74.0,81.0,0.0,0.0,52.5,52.4,0.0,0.0,46.6,46.5,0.0,0.0,,,,,,,,,LEAD_ACID,
4576,10.63.171.147,SHD._20hor_13aBair_NMD40_ULN,175,2024-09-15 20:00:01,2024-09-15 20:37:35,37,SCHEDULED,BATTERY_VOLTAGE,100.0,100.0,0.0,0.0,76.0,82.0,0.0,0.0,52.9,52.9,0.0,0.0,46.5,46.5,0.0,0.0,,,,,,,,,LEAD_ACID,
4577,10.63.171.147,SHD._20hor_13aBair_NMD40_ULN,174,2024-09-13 20:00:01,2024-09-13 20:40:37,40,SCHEDULED,BATTERY_VOLTAGE,100.0,100.0,0.0,0.0,73.0,81.0,0.0,0.0,52.6,52.6,0.0,0.0,46.7,46.6,0.0,0.0,,,,,,,,,LEAD_ACID,
4578,10.63.171.147,SHD._20hor_13aBair_NMD40_ULN,173,2024-09-11 20:00:01,2024-09-11 20:41:56,41,SCHEDULED,BATTERY_VOLTAGE,100.0,100.0,0.0,0.0,74.0,81.0,0.0,0.0,52.7,52.6,0.0,0.0,46.5,46.5,0.0,0.0,,,,,,,,,LEAD_ACID,
4579,10.63.171.147,SHD._20hor_13aBair_NMD40_ULN,172,2024-09-09 20:00:01,2024-09-09 20:45:35,45,SCHEDULED,BATTERY_VOLTAGE,100.0,100.0,0.0,0.0,71.0,80.0,0.0,0.0,52.9,52.7,0.0,0.0,46.6,46.5,0.0,0.0,,,,,,,,,LEAD_ACID,
4580,10.63.171.147,SHD._20hor_13aBair_NMD40_ULN,171,2024-09-07 20:00:01,2024-09-07 20:55:42,55,SCHEDULED,BATTERY_VOLTAGE,100.0,100.0,0.0,0.0,68.0,78.0,0.0,0.0,52.3,52.3,0.0,0.0,46.6,46.6,0.0,0.0,,,,,,,,,LEAD_ACID,
4581,10.63.171.147,SHD._20hor_13aBair_NMD40_ULN,170,2024-09-05 20:00:01,2024-09-05 20:42:37,42,SCHEDULED,BATTERY_VOLTAGE,100.0,100.0,0.0,0.0,72.0,81.0,0.0,0.0,52.2,52.2,0.0,0.0,46.6,46.5,0.0,0.0,,,,,,,,,LEAD_ACID,
4582,10.63.171.147,SHD._20hor_13aBair_NMD40_ULN,169,2024-09-03 20:00:01,2024-09-03 20:45:25,45,SCHEDULED,BATTERY_VOLTAGE,100.0,100.0,0.0,0.0,71.0,80.0,0.0,0.0,52.6,52.5,0.0,0.0,46.5,46.4,0.0,0.0,,,,,,,,,LEAD_ACID,
4583,10.63.171.147,SHD._20hor_13aBair_NMD40_ULN,168,2024-09-01 20:00:00,2024-09-01 20:45:09,45,SCHEDULED,BATTERY_VOLTAGE,100.0,100.0,0.0,0.0,71.0,80.0,0.0,0.0,52.9,52.8,0.0,0.0,46.5,46.5,0.0,0.0,,,,,,,,,LEAD_ACID,
4584,10.63.171.147,SHD._20hor_13aBair_NMD40_ULN,167,2024-08-30 20:00:01,2024-08-30 20:46:07,46,SCHEDULED,BATTERY_VOLTAGE,100.0,100.0,0.0,0.0,69.0,79.0,0.0,0.0,52.3,52.2,0.0,0.0,46.4,46.3,0.0,0.0,,,,,,,,,LEAD_ACID,
4585,10.63.171.147,SHD._20hor_13aBair_NMD40_ULN,166,2024-08-28 20:00:01,2024-08-28 20:54:08,54,SCHEDULED,BATTERY_VOLTAGE,100.0,100.0,0.0,0.0,66.0,76.0,0.0,0.0,52.8,52.8,0.0,0.0,46.6,46.5,0.0,0.0,,,,,,,,,LEAD_ACID,
4586,10.63.171.147,SHD._20hor_13aBair_NMD40_ULN,165,2024-08-26 20:00:01,2024-08-26 20:55:21,55,SCHEDULED,BATTERY_VOLTAGE,100.0,100.0,0.0,0.0,66.0,76.0,0.0,0.0,51.9,51.9,0.0,0.0,46.4,46.4,0.0,0.0,,,,,,,,,LEAD_ACID,
4587,10.63.171.147,SHD._20hor_13aBair_NMD40_ULN,164,2024-08-24 20:00:01,2024-08-24 21:00:18,60,SCHEDULED,BATTERY_VOLTAGE,100.0,100.0,0.0,0.0,65.0,75.0,0.0,0.0,52.7,52.7,0.0,0.0,46.4,46.4,0.0,0.0,,,,,,,,,LEAD_ACID,
4588,10.63.171.147,SHD._20hor_13aBair_NMD40_ULN,163,2024-08-22 20:00:01,2024-08-22 20:53:50,53,SCHEDULED,BATTERY_VOLTAGE,100.0,100.0,0.0,0.0,65.0,75.0,0.0,0.0,52.6,52.5,0.0,0.0,46.5,46.4,0.0,0.0,,,,,,,,,LEAD_ACID,
4589,10.63.171.147,SHD._20hor_13aBair_NMD40_ULN,162,2024-08-20 20:00:01,2024-08-20 21:04:20,64,SCHEDULED,BATTERY_CAPACITY,100.0,100.0,0.0,0.0,65.0,75.0,0.0,0.0,52.5,52.5,0.0,0.0,47.0,46.9,0.0,0.0,,,,,,,,,LEAD_ACID,
4590,10.63.171.147,SHD._20hor_13aBair_NMD40_ULN,161,2024-08-18 20:00:01,2024-08-18 21:00:13,60,SCHEDULED,BATTERY_CAPACITY,100.0,100.0,0.0,0.0,65.0,75.0,0.0,0.0,52.1,52.1,0.0,0.0,46.9,46.8,0.0,0.0,,,,,,,,,LEAD_ACID,
4591,10.63.171.147,SHD._20hor_13aBair_NMD40_ULN,160,2024-08-16 20:00:01,2024-08-16 20:59:21,59,SCHEDULED,BATTERY_CAPACITY,100.0,100.0,0.0,0.0,65.0,75.0,0.0,0.0,52.6,52.5,0.0,0.0,46.9,46.8,0.0,0.0,,,,,,,,,LEAD_ACID,
4592,10.63.171.147,SHD._20hor_13aBair_NMD40_ULN,159,2024-08-14 20:00:01,2024-08-14 20:57:24,57,SCHEDULED,BATTERY_CAPACITY,100.0,100.0,0.0,0.0,65.0,75.0,0.0,0.0,52.4,52.4,0.0,0.0,46.9,46.8,0.0,0.0,,,,,,,,,LEAD_ACID,
4593,10.63.171.147,SHD._20hor_13aBair_NMD40_ULN,158,2024-08-12 20:00:01,2024-08-12 20:58:51,58,SCHEDULED,BATTERY_CAPACITY,100.0,100.0,0.0,0.0,65.0,75.0,0.0,0.0,52.4,52.4,0.0,0.0,47.0,47.0,0.0,0.0,,,,,,,,,LEAD_ACID,
4594,10.63.171.147,SHD._20hor_13aBair_NMD40_ULN,157,2024-08-10 20:00:01,2024-08-10 21:00:08,60,SCHEDULED,BATTERY_CAPACITY,100.0,100.0,0.0,0.0,65.0,75.0,0.0,0.0,51.8,51.7,0.0,0.0,47.0,46.8,0.0,0.0,,,,,,,,,LEAD_ACID,
4595,10.63.171.147,SHD._20hor_13aBair_NMD40_ULN,156,2024-08-08 20:00:01,2024-08-08 20:57:46,57,SCHEDULED,BATTERY_CAPACITY,100.0,100.0,0.0,0.0,65.0,75.0,0.0,0.0,51.9,51.9,0.0,0.0,47.1,47.0,0.0,0.0,,,,,,,,,LEAD_ACID,
4596,10.63.171.147,SHD._20hor_13aBair_NMD40_ULN,155,2024-08-06 20:00:01,2024-08-06 20:54:26,54,SCHEDULED,BATTERY_CAPACITY,100.0,100.0,0.0,0.0,65.0,76.0,0.0,0.0,52.0,51.9,0.0,0.0,47.3,47.2,0.0,0.0,,,,,,,,,LEAD_ACID,
4597,10.63.171.147,SHD._20hor_13aBair_NMD40_ULN,154,2024-08-04 20:00:01,2024-08-04 20:54:15,54,SCHEDULED,BATTERY_CAPACITY,100.0,100.0,0.0,0.0,65.0,77.0,0.0,0.0,52.1,52.0,0.0,0.0,47.5,47.5,0.0,0.0,,,,,,,,,LEAD_ACID,
4598,10.63.171.147,SHD._20hor_13aBair_NMD40_ULN,153,2024-08-02 04:38:37,2024-08-02 06:02:22,83,SCHEDULED,BATTERY_CAPACITY,100.0,100.0,0.0,0.0,65.0,74.0,0.0,0.0,54.1,54.0,0.0,0.0,46.9,46.9,0.0,0.0,,,,,,,,,LEAD_ACID,
4599,10.63.171.147,SHD._20hor_13aBair_NMD40_ULN,152,2024-07-30 20:00:01,2024-07-30 20:48:23,48,SCHEDULED,BATTERY_VOLTAGE,100.0,100.0,0.0,0.0,73.0,79.0,0.0,0.0,52.5,52.5,0.0,0.0,46.6,46.5,0.0,0.0,,,,,,,,,LEAD_ACID,
4600,10.63.171.147,SHD._20hor_13aBair_NMD40_ULN,151,2024-07-28 20:00:01,2024-07-28 20:57:54,57,SCHEDULED,BATTERY_CAPACITY,100.0,100.0,0.0,0.0,65.0,74.0,0.0,0.0,51.8,51.7,0.0,0.0,46.6,46.5,0.0,0.0,,,,,,,,,LEAD_ACID,
4601,10.63.171.147,SHD._20hor_13aBair_NMD40_ULN,150,2024-07-26 20:00:01,2024-07-26 21:01:01,61,SCHEDULED,BATTERY_CAPACITY,100.0,100.0,0.0,0.0,65.0,75.0,0.0,0.0,52.5,52.4,0.0,0.0,46.7,46.6,0.0,0.0,,,,,,,,,LEAD_ACID,
4602,10.63.171.147,SHD._20hor_13aBair_NMD40_ULN,149,2024-07-24 20:00:01,2024-07-24 21:02:49,62,SCHEDULED,BATTERY_CAPACITY,100.0,100.0,0.0,0.0,65.0,75.0,0.0,0.0,52.2,52.1,0.0,0.0,46.8,46.7,0.0,0.0,,,,,,,,,LEAD_ACID,
4603,10.63.171.147,SHD._20hor_13aBair_NMD40_ULN,148,2024-07-22 20:00:01,2024-07-22 21:02:19,62,SCHEDULED,BATTERY_CAPACITY,100.0,100.0,0.0,0.0,65.0,76.0,0.0,0.0,52.0,52.0,0.0,0.0,46.9,46.8,0.0,0.0,,,,,,,,,LEAD_ACID,
4604,10.63.171.147,SHD._20hor_13aBair_NMD40_ULN,147,2024-07-20 20:00:01,2024-07-20 21:02:03,62,SCHEDULED,BATTERY_CAPACITY,100.0,100.0,0.0,0.0,65.0,76.0,0.0,0.0,52.4,52.4,0.0,0.0,47.1,47.0,0.0,0.0,,,,,,,,,LEAD_ACID,
4605,10.63.171.147,SHD._20hor_13aBair_NMD40_ULN,146,2024-07-18 20:00:01,2024-07-18 21:03:26,63,SCHEDULED,BATTERY_CAPACITY,100.0,100.0,0.0,0.0,65.0,76.0,0.0,0.0,52.4,52.3,0.0,0.0,47.1,47.1,0.0,0.0,,,,,,,,,LEAD_ACID,
4606,10.63.171.147,SHD._20hor_13aBair_NMD40_ULN,145,2024-07-16 20:00:01,2024-07-16 21:02:35,62,SCHEDULED,BATTERY_CAPACITY,100.0,100.0,0.0,0.0,65.0,76.0,0.0,0.0,52.1,52.0,0.0,0.0,47.4,47.3,0.0,0.0,,,,,,,,,LEAD_ACID,
4607,10.63.171.147,SHD._20hor_13aBair_NMD40_ULN,144,2024-07-14 20:00:01,2024-07-14 21:01:08,61,SCHEDULED,BATTERY_CAPACITY,100.0,100.0,0.0,0.0,65.0,76.0,0.0,0.0,52.0,51.9,0.0,0.0,47.0,47.0,0.0,0.0,,,,,,,,,LEAD_ACID,
4608,10.63.171.147,SHD._20hor_13aBair_NMD40_ULN,143,2024-07-12 20:00:01,2024-07-12 21:02:57,62,SCHEDULED,BATTERY_CAPACITY,100.0,100.0,0.0,0.0,65.0,76.0,0.0,0.0,51.9,51.8,0.0,0.0,47.4,47.3,0.0,0.0,,,,,,,,,LEAD_ACID,
4609,10.63.171.147,SHD._20hor_13aBair_NMD40_ULN,142,2024-07-10 20:00:01,2024-07-10 21:09:37,69,SCHEDULED,BATTERY_CAPACITY,100.0,100.0,0.0,0.0,65.0,76.0,0.0,0.0,52.3,52.3,0.0,0.0,47.3,47.3,0.0,0.0,,,,,,,,,LEAD_ACID,
4610,10.63.171.147,SHD._20hor_13aBair_NMD40_ULN,141,2024-07-08 20:00:01,2024-07-08 20:57:46,57,SCHEDULED,BATTERY_VOLTAGE,100.0,100.0,0.0,0.0,66.0,75.0,0.0,0.0,52.2,52.1,0.0,0.0,46.5,46.5,0.0,0.0,,,,,,,,,LEAD_ACID,
4611,10.63.171.147,SHD._20hor_13aBair_NMD40_ULN,140,2024-07-06 20:00:01,2024-07-06 21:04:36,64,SCHEDULED,BATTERY_VOLTAGE,100.0,100.0,0.0,0.0,66.0,75.0,0.0,0.0,52.1,52.1,0.0,0.0,46.4,46.4,0.0,0.0,,,,,,,,,LEAD_ACID,
4612,10.63.171.147,SHD._20hor_13aBair_NMD40_ULN,139,2024-07-04 20:00:01,2024-07-04 20:50:15,50,SCHEDULED,BATTERY_VOLTAGE,100.0,100.0,0.0,0.0,72.0,79.0,0.0,0.0,52.2,52.1,0.0,0.0,46.4,46.4,0.0,0.0,,,,,,,,,LEAD_ACID,
4613,10.63.171.147,SHD._20hor_13aBair_NMD40_ULN,138,2024-07-02 04:22:45,2024-07-02 05:51:01,88,SCHEDULED,BATTERY_CAPACITY,100.0,100.0,0.0,0.0,65.0,74.0,0.0,0.0,54.4,54.4,0.0,0.0,47.3,47.3,0.0,0.0,,,,,,,,,LEAD_ACID,
4614,10.63.171.147,SHD._20hor_13aBair_NMD40_ULN,137,2024-06-29 20:00:01,2024-06-29 20:56:39,56,SCHEDULED,BATTERY_VOLTAGE,100.0,100.0,0.0,0.0,68.0,75.0,0.0,0.0,52.9,52.8,0.0,0.0,46.3,46.2,0.0,0.0,,,,,,,,,LEAD_ACID,
4615,10.63.171.147,SHD._20hor_13aBair_NMD40_ULN,136,2024-06-27 20:00:01,2024-06-27 20:52:49,52,SCHEDULED,BATTERY_VOLTAGE,100.0,100.0,0.0,0.0,67.0,75.0,0.0,0.0,52.3,52.2,0.0,0.0,46.4,46.3,0.0,0.0,,,,,,,,,LEAD_ACID,
4616,10.63.171.147,SHD._20hor_13aBair_NMD40_ULN,135,2024-06-25 20:00:01,2024-06-25 20:55:26,55,SCHEDULED,BATTERY_VOLTAGE,100.0,100.0,0.0,0.0,67.0,76.0,0.0,0.0,52.6,52.6,0.0,0.0,46.5,46.5,0.0,0.0,,,,,,,,,LEAD_ACID,
4617,10.63.171.147,SHD._20hor_13aBair_NMD40_ULN,134,2024-06-23 20:00:01,2024-06-23 20:59:57,59,SCHEDULED,BATTERY_VOLTAGE,100.0,100.0,0.0,0.0,66.0,75.0,0.0,0.0,52.2,52.1,0.0,0.0,46.5,46.4,0.0,0.0,,,,,,,,,LEAD_ACID,
4618,10.63.171.147,SHD._20hor_13aBair_NMD40_ULN,133,2024-06-21 20:00:01,2024-06-21 20:54:28,54,SCHEDULED,BATTERY_CAPACITY,100.0,100.0,0.0,0.0,65.0,74.0,0.0,0.0,52.2,52.2,0.0,0.0,47.1,47.0,0.0,0.0,,,,,,,,,LEAD_ACID,
4619,10.63.171.147,SHD._20hor_13aBair_NMD40_ULN,132,2024-06-19 20:00:01,2024-06-19 20:53:54,53,SCHEDULED,BATTERY_VOLTAGE,100.0,100.0,0.0,0.0,67.0,75.0,0.0,0.0,52.4,52.4,0.0,0.0,46.6,46.5,0.0,0.0,,,,,,,,,LEAD_ACID,
4620,10.63.171.147,SHD._20hor_13aBair_NMD40_ULN,131,2024-06-17 20:00:01,2024-06-17 21:01:26,61,SCHEDULED,BATTERY_VOLTAGE,100.0,100.0,0.0,0.0,67.0,73.0,0.0,0.0,51.6,51.5,0.0,0.0,46.4,46.4,0.0,0.0,,,,,,,,,LEAD_ACID,
4621,10.63.171.147,SHD._20hor_13aBair_NMD40_ULN,130,2024-06-15 20:00:01,2024-06-15 20:57:02,57,SCHEDULED,BATTERY_VOLTAGE,100.0,100.0,0.0,0.0,67.0,74.0,0.0,0.0,52.4,52.3,0.0,0.0,46.6,46.4,0.0,0.0,,,,,,,,,LEAD_ACID,
4622,10.63.171.147,SHD._20hor_13aBair_NMD40_ULN,129,2024-06-13 20:00:01,2024-06-13 20:57:27,57,SCHEDULED,BATTERY_VOLTAGE,100.0,100.0,0.0,0.0,67.0,74.0,0.0,0.0,53.0,53.0,0.0,0.0,46.5,46.4,0.0,0.0,,,,,,,,,LEAD_ACID,
4623,10.63.171.147,SHD._20hor_13aBair_NMD40_ULN,128,2024-06-11 20:00:00,2024-06-11 21:00:45,60,SCHEDULED,BATTERY_VOLTAGE,100.0,100.0,0.0,0.0,66.0,73.0,0.0,0.0,52.5,52.4,0.0,0.0,46.6,46.5,0.0,0.0,,,,,,,,,LEAD_ACID,
4624,10.63.171.147,SHD._20hor_13aBair_NMD40_ULN,127,2024-06-09 20:00:01,2024-06-09 20:54:15,54,SCHEDULED,BATTERY_VOLTAGE,100.0,100.0,0.0,0.0,67.0,75.0,0.0,0.0,52.4,52.3,0.0,0.0,46.6,46.5,0.0,0.0,,,,,,,,,LEAD_ACID,
4625,10.63.171.147,SHD._20hor_13aBair_NMD40_ULN,126,2024-06-07 20:00:01,2024-06-07 20:51:03,51,SCHEDULED,BATTERY_VOLTAGE,100.0,100.0,0.0,0.0,67.0,75.0,0.0,0.0,52.2,52.2,0.0,0.0,46.5,46.5,0.0,0.0,,,,,,,,,LEAD_ACID,
4626,10.63.171.147,SHD._20hor_13aBair_NMD40_ULN,125,2024-06-05 20:00:01,2024-06-05 20:58:08,58,SCHEDULED,BATTERY_CAPACITY,100.0,100.0,0.0,0.0,65.0,73.0,0.0,0.0,53.0,52.8,0.0,0.0,46.6,46.6,0.0,0.0,,,,,,,,,LEAD_ACID,
4627,10.63.171.147,SHD._20hor_13aBair_NMD40_ULN,124,2024-06-03 20:00:01,2024-06-03 20:58:17,58,SCHEDULED,BATTERY_VOLTAGE,100.0,100.0,0.0,0.0,66.0,74.0,0.0,0.0,52.7,52.7,0.0,0.0,46.6,46.5,0.0,0.0,,,,,,,,,LEAD_ACID,
4628,10.63.171.147,SHD._20hor_13aBair_NMD40_ULN,123,2024-06-01 20:00:01,2024-06-01 21:00:41,60,SCHEDULED,BATTERY_VOLTAGE,100.0,100.0,0.0,0.0,66.0,75.0,0.0,0.0,52.2,52.0,0.0,0.0,46.5,46.5,0.0,0.0,,,,,,,,,LEAD_ACID,
4629,10.63.171.147,SHD._20hor_13aBair_NMD40_ULN,122,2024-05-30 20:00:01,2024-05-30 20:59:37,59,SCHEDULED,BATTERY_CAPACITY,100.0,100.0,0.0,0.0,65.0,74.0,0.0,0.0,52.9,52.8,0.0,0.0,46.7,46.7,0.0,0.0,,,,,,,,,LEAD_ACID,
4630,10.63.171.147,SHD._20hor_13aBair_NMD40_ULN,121,2024-05-28 20:00:01,2024-05-28 20:56:05,56,SCHEDULED,BATTERY_CAPACITY,100.0,100.0,0.0,0.0,65.0,74.0,0.0,0.0,52.7,52.5,0.0,0.0,47.3,47.2,0.0,0.0,,,,,,,,,LEAD_ACID,
4631,10.63.171.147,SHD._20hor_13aBair_NMD40_ULN,120,2024-05-26 20:00:01,2024-05-26 20:53:21,53,SCHEDULED,BATTERY_VOLTAGE,100.0,100.0,0.0,0.0,66.0,74.0,0.0,0.0,52.0,51.9,0.0,0.0,46.5,46.4,0.0,0.0,,,,,,,,,LEAD_ACID,
4632,10.63.171.147,SHD._20hor_13aBair_NMD40_ULN,119,2024-05-24 20:00:01,2024-05-24 20:54:35,54,SCHEDULED,BATTERY_VOLTAGE,100.0,100.0,0.0,0.0,65.0,74.0,0.0,0.0,52.7,52.7,0.0,0.0,46.5,46.4,0.0,0.0,,,,,,,,,LEAD_ACID,
4633,10.63.171.147,SHD._20hor_13aBair_NMD40_ULN,118,2024-05-22 20:00:01,2024-05-22 20:56:59,56,SCHEDULED,BATTERY_CAPACITY,100.0,100.0,0.0,0.0,65.0,74.0,0.0,0.0,52.6,52.6,0.0,0.0,46.9,46.9,0.0,0.0,,,,,,,,,LEAD_ACID,
4634,10.63.171.147,SHD._20hor_13aBair_NMD40_ULN,117,2024-05-20 20:00:01,2024-05-20 20:57:33,57,SCHEDULED,BATTERY_CAPACITY,100.0,100.0,0.0,0.0,65.0,74.0,0.0,0.0,52.5,52.4,0.0,0.0,47.1,47.0,0.0,0.0,,,,,,,,,LEAD_ACID,
4635,10.63.171.147,SHD._20hor_13aBair_NMD40_ULN,116,2024-05-18 20:00:01,2024-05-18 21:02:03,62,SCHEDULED,BATTERY_CAPACITY,100.0,100.0,0.0,0.0,65.0,74.0,0.0,0.0,53.0,52.9,0.0,0.0,47.6,47.5,0.0,0.0,,,,,,,,,LEAD_ACID,
4636,10.63.171.147,SHD._20hor_13aBair_NMD40_ULN,115,2024-05-16 20:00:01,2024-05-16 20:59:33,59,SCHEDULED,BATTERY_CAPACITY,100.0,100.0,0.0,0.0,65.0,75.0,0.0,0.0,52.2,52.1,0.0,0.0,47.5,47.4,0.0,0.0,,,,,,,,,LEAD_ACID,
4637,10.63.171.147,SHD._20hor_13aBair_NMD40_ULN,114,2024-05-14 20:00:01,2024-05-14 20:57:20,57,SCHEDULED,BATTERY_CAPACITY,100.0,100.0,0.0,0.0,65.0,75.0,0.0,0.0,52.8,52.8,0.0,0.0,47.7,47.6,0.0,0.0,,,,,,,,,LEAD_ACID,
4638,10.63.171.147,SHD._20hor_13aBair_NMD40_ULN,113,2024-05-12 20:00:01,2024-05-12 20:54:13,54,SCHEDULED,BATTERY_CAPACITY,100.0,100.0,0.0,0.0,65.0,76.0,0.0,0.0,52.2,52.2,0.0,0.0,47.9,47.8,0.0,0.0,,,,,,,,,LEAD_ACID,
4639,10.63.171.147,SHD._20hor_13aBair_NMD40_ULN,112,2024-05-10 20:00:01,2024-05-10 20:48:36,48,SCHEDULED,BATTERY_CAPACITY,100.0,100.0,0.0,0.0,65.0,78.0,0.0,0.0,53.2,53.1,0.0,0.0,47.8,47.8,0.0,0.0,,,,,,,,,LEAD_ACID,
4640,10.63.171.147,SHD._20hor_13aBair_NMD40_ULN,111,2024-05-08 03:16:06,2024-05-08 04:19:35,63,SCHEDULED,BATTERY_CAPACITY,91.0,98.0,0.0,0.0,65.0,82.0,0.0,0.0,53.9,53.9,0.0,0.0,49.4,49.4,0.0,0.0,,,,,,,,,LEAD_ACID,
4641,10.63.171.147,SHD._20hor_13aBair_NMD40_ULN,110,2024-05-05 20:00:00,2024-05-05 20:58:04,58,SCHEDULED,BATTERY_CAPACITY,100.0,100.0,0.0,0.0,65.0,75.0,0.0,0.0,51.9,51.8,0.0,0.0,47.7,47.6,0.0,0.0,,,,,,,,,LEAD_ACID,
4642,10.63.171.147,SHD._20hor_13aBair_NMD40_ULN,109,2024-05-03 20:00:01,2024-05-03 20:52:18,52,SCHEDULED,BATTERY_CAPACITY,100.0,100.0,0.0,0.0,65.0,75.0,0.0,0.0,52.8,52.7,0.0,0.0,47.5,47.3,0.0,0.0,,,,,,,,,LEAD_ACID,
4643,10.63.171.147,SHD._20hor_13aBair_NMD40_ULN,108,2024-05-01 20:00:01,2024-05-01 20:56:34,56,SCHEDULED,BATTERY_CAPACITY,100.0,100.0,0.0,0.0,65.0,75.0,0.0,0.0,51.8,51.8,0.0,0.0,47.3,47.3,0.0,0.0,,,,,,,,,LEAD_ACID,
4644,10.63.171.147,SHD._20hor_13aBair_NMD40_ULN,107,2024-04-29 20:00:01,2024-04-29 20:59:14,59,SCHEDULED,BATTERY_CAPACITY,100.0,100.0,0.0,0.0,65.0,75.0,0.0,0.0,52.0,51.9,0.0,0.0,47.4,47.3,0.0,0.0,,,,,,,,,LEAD_ACID,
4645,10.63.171.147,SHD._20hor_13aBair_NMD40_ULN,106,2024-04-27 20:00:01,2024-04-27 20:57:58,57,SCHEDULED,BATTERY_CAPACITY,100.0,100.0,0.0,0.0,65.0,76.0,0.0,0.0,52.9,52.9,0.0,0.0,47.6,47.5,0.0,0.0,,,,,,,,,LEAD_ACID,
4646,10.63.171.147,SHD._20hor_13aBair_NMD40_ULN,105,2024-04-25 20:00:01,2024-04-25 20:57:27,57,SCHEDULED,BATTERY_CAPACITY,100.0,100.0,0.0,0.0,65.0,76.0,0.0,0.0,52.0,51.9,0.0,0.0,47.4,47.4,0.0,0.0,,,,,,,,,LEAD_ACID,
4647,10.63.171.147,SHD._20hor_13aBair_NMD40_ULN,104,2024-04-23 20:00:01,2024-04-23 20:52:42,52,SCHEDULED,BATTERY_VOLTAGE,100.0,100.0,0.0,0.0,68.0,76.0,0.0,0.0,52.2,52.1,0.0,0.0,46.5,46.4,0.0,0.0,,,,,,,,,LEAD_ACID,
4648,10.63.171.147,SHD._20hor_13aBair_NMD40_ULN,103,2024-04-21 20:00:01,2024-04-21 21:00:08,60,SCHEDULED,BATTERY_CAPACITY,100.0,100.0,0.0,0.0,65.0,76.0,0.0,0.0,52.1,52.1,0.0,0.0,48.1,48.0,0.0,0.0,,,,,,,,,LEAD_ACID,
4649,10.63.171.147,SHD._20hor_13aBair_NMD40_ULN,102,2024-04-19 20:00:00,2024-04-19 20:56:02,56,SCHEDULED,BATTERY_CAPACITY,100.0,100.0,0.0,0.0,65.0,76.0,0.0,0.0,52.8,52.7,0.0,0.0,47.8,47.6,0.0,0.0,,,,,,,,,LEAD_ACID,
4650,10.63.171.147,SHD._20hor_13aBair_NMD40_ULN,101,2024-04-17 20:00:01,2024-04-17 20:57:28,57,SCHEDULED,BATTERY_CAPACITY,100.0,100.0,0.0,0.0,65.0,76.0,0.0,0.0,52.6,52.5,0.0,0.0,47.6,47.4,0.0,0.0,,,,,,,,,LEAD_ACID,
4651,10.63.171.147,SHD._20hor_13aBair_NMD40_ULN,100,2024-04-15 20:00:01,2024-04-15 20:58:07,58,SCHEDULED,BATTERY_CAPACITY,100.0,100.0,0.0,0.0,65.0,77.0,0.0,0.0,52.8,52.8,0.0,0.0,47.9,47.8,0.0,0.0,,,,,,,,,LEAD_ACID,
4652,10.63.171.147,SHD._20hor_13aBair_NMD40_ULN,99,2024-04-13 20:00:01,2024-04-13 20:58:05,58,SCHEDULED,BATTERY_CAPACITY,100.0,100.0,0.0,0.0,65.0,77.0,0.0,0.0,51.9,51.8,0.0,0.0,48.0,47.9,0.0,0.0,,,,,,,,,LEAD_ACID,
4653,10.63.171.147,SHD._20hor_13aBair_NMD40_ULN,98,2024-04-11 20:00:01,2024-04-11 20:57:07,57,SCHEDULED,BATTERY_CAPACITY,100.0,100.0,0.0,0.0,65.0,77.0,0.0,0.0,51.9,51.9,0.0,0.0,48.1,48.0,0.0,0.0,,,,,,,,,LEAD_ACID,
4654,10.63.171.147,SHD._20hor_13aBair_NMD40_ULN,97,2024-04-09 20:00:01,2024-04-09 20:59:36,59,SCHEDULED,BATTERY_CAPACITY,100.0,100.0,0.0,0.0,65.0,77.0,0.0,0.0,52.5,52.5,0.0,0.0,47.9,47.8,0.0,0.0,,,,,,,,,LEAD_ACID,
4655,10.63.171.147,SHD._20hor_13aBair_NMD40_ULN,96,2024-04-07 20:00:01,2024-04-07 20:57:40,57,SCHEDULED,BATTERY_CAPACITY,100.0,100.0,0.0,0.0,65.0,76.0,0.0,0.0,52.3,52.3,0.0,0.0,48.0,47.9,0.0,0.0,,,,,,,,,LEAD_ACID,
4656,10.63.171.147,SHD._20hor_13aBair_NMD40_ULN,95,2024-04-05 20:00:01,2024-04-05 20:56:24,56,SCHEDULED,BATTERY_CAPACITY,100.0,100.0,0.0,0.0,65.0,76.0,0.0,0.0,52.5,52.4,0.0,0.0,48.0,47.9,0.0,0.0,,,,,,,,,LEAD_ACID,
4657,10.63.171.147,SHD._20hor_13aBair_NMD40_ULN,94,2024-04-03 20:00:01,2024-04-03 20:57:48,57,SCHEDULED,BATTERY_CAPACITY,100.0,100.0,0.0,0.0,65.0,76.0,0.0,0.0,52.6,52.5,0.0,0.0,48.1,48.0,0.0,0.0,,,,,,,,,LEAD_ACID,
4658,10.63.171.147,SHD._20hor_13aBair_NMD40_ULN,93,2024-04-01 20:00:01,2024-04-01 20:56:58,56,SCHEDULED,BATTERY_CAPACITY,100.0,100.0,0.0,0.0,65.0,76.0,0.0,0.0,52.6,52.6,0.0,0.0,47.9,47.8,0.0,0.0,,,,,,,,,LEAD_ACID,
4659,10.63.171.147,SHD._20hor_13aBair_NMD40_ULN,92,2024-03-30 20:00:01,2024-03-30 20:58:44,58,SCHEDULED,BATTERY_CAPACITY,100.0,100.0,0.0,0.0,65.0,77.0,0.0,0.0,52.2,52.1,0.0,0.0,48.1,47.9,0.0,0.0,,,,,,,,,LEAD_ACID,
4660,10.63.171.147,SHD._20hor_13aBair_NMD40_ULN,91,2024-03-28 20:00:01,2024-03-28 20:57:15,57,SCHEDULED,BATTERY_CAPACITY,100.0,100.0,0.0,0.0,65.0,77.0,0.0,0.0,53.2,53.1,0.0,0.0,48.0,47.9,0.0,0.0,,,,,,,,,LEAD_ACID,
4661,10.63.171.147,SHD._20hor_13aBair_NMD40_ULN,90,2024-03-26 20:00:01,2024-03-26 21:00:12,60,SCHEDULED,BATTERY_CAPACITY,100.0,100.0,0.0,0.0,65.0,77.0,0.0,0.0,52.4,52.2,0.0,0.0,48.2,48.1,0.0,0.0,,,,,,,,,LEAD_ACID,
4662,10.63.171.147,SHD._20hor_13aBair_NMD40_ULN,89,2024-03-24 20:00:01,2024-03-24 20:58:18,58,SCHEDULED,BATTERY_CAPACITY,100.0,100.0,0.0,0.0,65.0,77.0,0.0,0.0,52.6,52.5,0.0,0.0,48.2,48.1,0.0,0.0,,,,,,,,,LEAD_ACID,
4663,10.63.171.147,SHD._20hor_13aBair_NMD40_ULN,88,2024-03-22 20:00:01,2024-03-22 20:58:19,58,SCHEDULED,BATTERY_CAPACITY,100.0,100.0,0.0,0.0,65.0,77.0,0.0,0.0,52.0,51.9,0.0,0.0,48.2,48.2,0.0,0.0,,,,,,,,,LEAD_ACID,
4664,10.63.171.147,SHD._20hor_13aBair_NMD40_ULN,87,2024-03-20 20:00:00,2024-03-20 21:01:10,61,SCHEDULED,BATTERY_CAPACITY,100.0,100.0,0.0,0.0,65.0,77.0,0.0,0.0,52.6,52.6,0.0,0.0,48.4,48.4,0.0,0.0,,,,,,,,,LEAD_ACID,
4665,10.63.171.147,SHD._20hor_13aBair_NMD40_ULN,86,2024-03-18 20:00:01,2024-03-18 21:03:13,63,SCHEDULED,BATTERY_CAPACITY,100.0,100.0,0.0,0.0,65.0,77.0,0.0,0.0,52.8,52.7,0.0,0.0,48.4,48.3,0.0,0.0,,,,,,,,,LEAD_ACID,
4666,10.63.171.147,SHD._20hor_13aBair_NMD40_ULN,85,2024-03-16 20:00:01,2024-03-16 20:58:44,58,SCHEDULED,BATTERY_CAPACITY,100.0,100.0,0.0,0.0,65.0,77.0,0.0,0.0,51.9,51.9,0.0,0.0,48.3,48.3,0.0,0.0,,,,,,,,,LEAD_ACID,
4667,10.63.171.147,SHD._20hor_13aBair_NMD40_ULN,84,2024-03-14 20:00:01,2024-03-14 20:57:32,57,SCHEDULED,BATTERY_CAPACITY,100.0,100.0,0.0,0.0,65.0,78.0,0.0,0.0,52.2,52.1,0.0,0.0,48.4,48.3,0.0,0.0,,,,,,,,,LEAD_ACID,
4668,10.63.171.147,SHD._20hor_13aBair_NMD40_ULN,83,2024-03-12 20:00:01,2024-03-12 20:59:58,59,SCHEDULED,BATTERY_CAPACITY,100.0,100.0,0.0,0.0,65.0,77.0,0.0,0.0,52.3,52.2,0.0,0.0,48.1,48.0,0.0,0.0,,,,,,,,,LEAD_ACID,
4669,10.63.171.147,SHD._20hor_13aBair_NMD40_ULN,82,2024-03-10 20:00:01,2024-03-10 20:58:41,58,SCHEDULED,BATTERY_CAPACITY,100.0,100.0,0.0,0.0,65.0,77.0,0.0,0.0,52.6,52.5,0.0,0.0,48.3,48.3,0.0,0.0,,,,,,,,,LEAD_ACID,
4670,10.63.171.147,SHD._20hor_13aBair_NMD40_ULN,81,2024-03-08 20:00:01,2024-03-08 21:00:29,60,SCHEDULED,BATTERY_CAPACITY,100.0,100.0,0.0,0.0,65.0,77.0,0.0,0.0,52.6,52.6,0.0,0.0,48.5,48.5,0.0,0.0,,,,,,,,,LEAD_ACID,
4671,10.63.171.147,SHD._20hor_13aBair_NMD40_ULN,80,2024-03-06 20:00:01,2024-03-06 20:59:09,59,SCHEDULED,BATTERY_CAPACITY,100.0,100.0,0.0,0.0,65.0,77.0,0.0,0.0,52.7,52.7,0.0,0.0,48.4,48.4,0.0,0.0,,,,,,,,,LEAD_ACID,
4672,10.63.171.147,SHD._20hor_13aBair_NMD40_ULN,79,2024-03-04 20:00:01,2024-03-04 20:58:06,58,SCHEDULED,BATTERY_CAPACITY,100.0,100.0,0.0,0.0,65.0,77.0,0.0,0.0,52.1,52.1,0.0,0.0,48.4,48.3,0.0,0.0,,,,,,,,,LEAD_ACID,
4673,10.63.171.147,SHD._20hor_13aBair_NMD40_ULN,78,2024-03-02 20:00:01,2024-03-02 20:57:12,57,SCHEDULED,BATTERY_CAPACITY,100.0,100.0,0.0,0.0,65.0,77.0,0.0,0.0,52.8,52.7,0.0,0.0,48.5,48.4,0.0,0.0,,,,,,,,,LEAD_ACID,
4674,10.63.171.147,SHD._20hor_13aBair_NMD40_ULN,77,2024-02-29 20:00:01,2024-02-29 20:58:31,58,SCHEDULED,BATTERY_CAPACITY,100.0,100.0,0.0,0.0,65.0,77.0,0.0,0.0,52.9,52.8,0.0,0.0,48.7,48.6,0.0,0.0,,,,,,,,,LEAD_ACID,
4675,10.63.171.147,SHD._20hor_13aBair_NMD40_ULN,76,2024-02-27 03:29:30,2024-02-27 04:24:12,54,SCHEDULED,BATTERY_CAPACITY,87.0,95.0,0.0,0.0,65.0,81.0,0.0,0.0,54.5,54.4,0.0,0.0,49.9,49.8,0.0,0.0,,,,,,,,,LEAD_ACID,
4676,10.63.171.147,SHD._20hor_13aBair_NMD40_ULN,75,2024-02-24 20:00:01,2024-02-24 20:57:49,57,SCHEDULED,BATTERY_CAPACITY,100.0,100.0,0.0,0.0,65.0,78.0,0.0,0.0,52.2,52.1,0.0,0.0,48.7,48.7,0.0,0.0,,,,,,,,,LEAD_ACID,
4677,10.63.171.147,SHD._20hor_13aBair_NMD40_ULN,74,2024-02-22 20:00:01,2024-02-22 21:00:22,60,SCHEDULED,BATTERY_CAPACITY,100.0,100.0,0.0,0.0,65.0,78.0,0.0,0.0,52.3,52.3,0.0,0.0,49.0,48.9,0.0,0.0,,,,,,,,,LEAD_ACID,
4678,10.63.171.147,SHD._20hor_13aBair_NMD40_ULN,73,2024-02-20 20:00:01,2024-02-20 20:58:17,58,SCHEDULED,BATTERY_CAPACITY,100.0,100.0,0.0,0.0,65.0,79.0,0.0,0.0,53.1,53.1,0.0,0.0,48.5,48.4,0.0,0.0,,,,,,,,,LEAD_ACID,
4679,10.63.171.147,SHD._20hor_13aBair_NMD40_ULN,72,2024-02-18 20:00:01,2024-02-18 20:56:37,56,SCHEDULED,BATTERY_CAPACITY,100.0,100.0,0.0,0.0,65.0,77.0,0.0,0.0,53.4,53.3,0.0,0.0,48.1,48.1,0.0,0.0,,,,,,,,,LEAD_ACID,
4680,10.63.171.147,SHD._20hor_13aBair_NMD40_ULN,71,2024-02-16 20:00:01,2024-02-16 21:00:14,60,SCHEDULED,BATTERY_CAPACITY,100.0,100.0,0.0,0.0,65.0,77.0,0.0,0.0,52.1,52.1,0.0,0.0,48.4,48.3,0.0,0.0,,,,,,,,,LEAD_ACID,
4681,10.63.171.147,SHD._20hor_13aBair_NMD40_ULN,70,2024-02-14 20:00:01,2024-02-14 21:02:28,62,SCHEDULED,BATTERY_CAPACITY,100.0,100.0,0.0,0.0,65.0,77.0,0.0,0.0,52.7,52.7,0.0,0.0,48.7,48.7,0.0,0.0,,,,,,,,,LEAD_ACID,
4682,10.63.171.147,SHD._20hor_13aBair_NMD40_ULN,69,2024-02-12 20:00:01,2024-02-12 20:55:13,55,SCHEDULED,BATTERY_CAPACITY,100.0,100.0,0.0,0.0,65.0,77.0,0.0,0.0,52.5,52.4,0.0,0.0,48.4,48.3,0.0,0.0,,,,,,,,,LEAD_ACID,
4683,10.63.171.147,SHD._20hor_13aBair_NMD40_ULN,68,2024-02-10 20:00:01,2024-02-10 20:52:35,52,SCHEDULED,BATTERY_CAPACITY,100.0,100.0,0.0,0.0,65.0,77.0,0.0,0.0,52.3,52.2,0.0,0.0,48.3,48.2,0.0,0.0,,,,,,,,,LEAD_ACID,
4684,10.63.171.147,SHD._20hor_13aBair_NMD40_ULN,67,2024-02-08 20:00:01,2024-02-08 21:01:02,61,SCHEDULED,BATTERY_CAPACITY,100.0,100.0,0.0,0.0,65.0,77.0,0.0,0.0,52.6,52.5,0.0,0.0,48.9,48.7,0.0,0.0,,,,,,,,,LEAD_ACID,
4685,10.63.171.147,SHD._20hor_13aBair_NMD40_ULN,66,2024-02-06 20:00:01,2024-02-06 20:58:15,58,SCHEDULED,BATTERY_CAPACITY,100.0,100.0,0.0,0.0,65.0,78.0,0.0,0.0,51.9,51.9,0.0,0.0,49.2,49.1,0.0,0.0,,,,,,,,,LEAD_ACID,
4686,10.63.171.147,SHD._20hor_13aBair_NMD40_ULN,65,2024-02-04 05:43:19,2024-02-04 07:07:07,83,SCHEDULED,BATTERY_CAPACITY,100.0,100.0,0.0,0.0,65.0,77.0,0.0,0.0,55.0,55.0,0.0,0.0,49.6,49.5,0.0,0.0,,,,,,,,,LEAD_ACID,
4687,10.63.171.147,SHD._20hor_13aBair_NMD40_ULN,64,2024-02-01 20:00:01,2024-02-01 20:57:24,57,SCHEDULED,BATTERY_CAPACITY,100.0,100.0,0.0,0.0,65.0,76.0,0.0,0.0,52.7,52.6,0.0,0.0,48.1,48.0,0.0,0.0,,,,,,,,,LEAD_ACID,
4688,10.63.171.147,SHD._20hor_13aBair_NMD40_ULN,63,2024-01-30 20:00:01,2024-01-30 21:01:42,61,SCHEDULED,BATTERY_CAPACITY,100.0,100.0,0.0,0.0,65.0,76.0,0.0,0.0,52.9,52.7,0.0,0.0,48.4,48.4,0.0,0.0,,,,,,,,,LEAD_ACID,
4689,10.63.171.147,SHD._20hor_13aBair_NMD40_ULN,62,2024-01-28 20:00:01,2024-01-28 20:59:39,59,SCHEDULED,BATTERY_CAPACITY,100.0,100.0,0.0,0.0,65.0,76.0,0.0,0.0,52.2,52.1,0.0,0.0,48.4,48.3,0.0,0.0,,,,,,,,,LEAD_ACID,
4690,10.63.171.147,SHD._20hor_13aBair_NMD40_ULN,61,2024-01-26 20:00:01,2024-01-26 20:56:44,56,SCHEDULED,BATTERY_CAPACITY,100.0,100.0,0.0,0.0,65.0,76.0,0.0,0.0,53.0,52.9,0.0,0.0,48.2,48.2,0.0,0.0,,,,,,,,,LEAD_ACID,
4691,10.63.171.147,SHD._20hor_13aBair_NMD40_ULN,60,2024-01-24 20:00:01,2024-01-24 20:58:55,58,SCHEDULED,BATTERY_CAPACITY,100.0,100.0,0.0,0.0,65.0,76.0,0.0,0.0,52.4,52.4,0.0,0.0,48.4,48.4,0.0,0.0,,,,,,,,,LEAD_ACID,
4692,10.63.171.147,SHD._20hor_13aBair_NMD40_ULN,59,2024-01-22 20:00:01,2024-01-22 21:01:19,61,SCHEDULED,BATTERY_CAPACITY,100.0,100.0,0.0,0.0,65.0,76.0,0.0,0.0,52.3,52.2,0.0,0.0,48.6,48.5,0.0,0.0,,,,,,,,,LEAD_ACID,
4693,10.63.171.147,SHD._20hor_13aBair_NMD40_ULN,58,2024-01-20 20:00:00,2024-01-20 21:01:36,61,SCHEDULED,BATTERY_CAPACITY,100.0,100.0,0.0,0.0,65.0,76.0,0.0,0.0,52.5,52.4,0.0,0.0,48.4,48.3,0.0,0.0,,,,,,,,,LEAD_ACID,
4694,10.63.171.147,SHD._20hor_13aBair_NMD40_ULN,57,2024-01-18 20:00:01,2024-01-18 21:02:04,62,SCHEDULED,BATTERY_CAPACITY,100.0,100.0,0.0,0.0,65.0,75.0,0.0,0.0,52.4,52.3,0.0,0.0,47.9,47.8,0.0,0.0,,,,,,,,,LEAD_ACID,
4695,10.63.171.147,SHD._20hor_13aBair_NMD40_ULN,56,2024-01-16 20:00:01,2024-01-16 20:58:08,58,SCHEDULED,BATTERY_CAPACITY,100.0,100.0,0.0,0.0,65.0,76.0,0.0,0.0,53.5,53.5,0.0,0.0,48.5,48.4,0.0,0.0,,,,,,,,,LEAD_ACID,
4696,10.63.171.147,SHD._20hor_13aBair_NMD40_ULN,55,2024-01-14 20:00:01,2024-01-14 20:57:48,57,SCHEDULED,BATTERY_CAPACITY,100.0,100.0,0.0,0.0,65.0,76.0,0.0,0.0,52.9,52.8,0.0,0.0,48.2,48.1,0.0,0.0,,,,,,,,,LEAD_ACID,
4697,10.63.171.147,SHD._20hor_13aBair_NMD40_ULN,54,2024-01-12 20:00:01,2024-01-12 20:58:05,58,SCHEDULED,BATTERY_CAPACITY,100.0,100.0,0.0,0.0,65.0,76.0,0.0,0.0,52.9,52.8,0.0,0.0,48.6,48.6,0.0,0.0,,,,,,,,,LEAD_ACID,
4698,10.63.171.147,SHD._20hor_13aBair_NMD40_ULN,53,2024-01-10 20:00:01,2024-01-10 20:58:12,58,SCHEDULED,BATTERY_CAPACITY,100.0,100.0,0.0,0.0,65.0,77.0,0.0,0.0,52.8,52.7,0.0,0.0,48.4,48.2,0.0,0.0,,,,,,,,,LEAD_ACID,
4699,10.63.171.147,SHD._20hor_13aBair_NMD40_ULN,52,2024-01-08 20:00:00,2024-01-08 21:00:11,60,SCHEDULED,BATTERY_CAPACITY,100.0,100.0,0.0,0.0,65.0,77.0,0.0,0.0,52.4,52.3,0.0,0.0,48.5,48.5,0.0,0.0,,,,,,,,,LEAD_ACID,
4700,10.63.171.147,SHD._20hor_13aBair_NMD40_ULN,51,2024-01-06 20:00:01,2024-01-06 20:59:08,59,SCHEDULED,BATTERY_CAPACITY,100.0,100.0,0.0,0.0,65.0,77.0,0.0,0.0,52.8,52.8,0.0,0.0,48.6,48.4,0.0,0.0,,,,,,,,,LEAD_ACID,
4701,10.63.171.147,SHD._20hor_13aBair_NMD40_ULN,50,2024-01-04 20:00:01,2024-01-04 21:00:29,60,SCHEDULED,BATTERY_CAPACITY,100.0,100.0,0.0,0.0,65.0,77.0,0.0,0.0,52.8,52.6,0.0,0.0,48.6,48.6,0.0,0.0,,,,,,,,,LEAD_ACID,
4702,10.63.171.147,SHD._20hor_13aBair_NMD40_ULN,49,2024-01-02 20:00:01,2024-01-02 21:00:05,60,SCHEDULED,BATTERY_CAPACITY,100.0,100.0,0.0,0.0,65.0,77.0,0.0,0.0,52.5,52.5,0.0,0.0,48.7,48.7,0.0,0.0,,,,,,,,,LEAD_ACID,
4703,10.63.171.147,SHD._20hor_13aBair_NMD40_ULN,48,2023-12-31 20:00:01,2023-12-31 21:06:49,66,SCHEDULED,BATTERY_CAPACITY,100.0,100.0,0.0,0.0,65.0,77.0,0.0,0.0,52.2,52.1,0.0,0.0,48.9,48.9,0.0,0.0,,,,,,,,,LEAD_ACID,
4704,10.63.171.147,SHD._20hor_13aBair_NMD40_ULN,47,2023-12-29 20:00:01,2023-12-29 21:01:05,61,SCHEDULED,BATTERY_CAPACITY,100.0,100.0,0.0,0.0,65.0,77.0,0.0,0.0,52.8,52.8,0.0,0.0,48.9,48.9,0.0,0.0,,,,,,,,,LEAD_ACID,
4705,10.63.171.147,SHD._20hor_13aBair_NMD40_ULN,46,2023-12-27 20:00:01,2023-12-27 21:00:55,60,SCHEDULED,BATTERY_CAPACITY,100.0,100.0,0.0,0.0,65.0,77.0,0.0,0.0,52.5,52.4,0.0,0.0,48.8,48.7,0.0,0.0,,,,,,,,,LEAD_ACID,
4706,10.63.171.147,SHD._20hor_13aBair_NMD40_ULN,45,2023-12-25 20:00:00,2023-12-25 20:57:04,57,SCHEDULED,BATTERY_CAPACITY,100.0,100.0,0.0,0.0,65.0,78.0,0.0,0.0,53.0,53.0,0.0,0.0,49.1,49.0,0.0,0.0,,,,,,,,,LEAD_ACID,
4707,10.63.171.147,SHD._20hor_13aBair_NMD40_ULN,44,2023-12-23 03:55:57,2023-12-23 05:19:16,83,SCHEDULED,BATTERY_CAPACITY,100.0,100.0,0.0,0.0,65.0,77.0,0.0,0.0,55.2,55.1,0.0,0.0,49.8,49.7,0.0,0.0,,,,,,,,,LEAD_ACID,
4708,10.63.171.147,SHD._20hor_13aBair_NMD40_ULN,43,2023-12-20 20:00:01,2023-12-20 20:57:13,57,SCHEDULED,BATTERY_CAPACITY,100.0,100.0,0.0,0.0,65.0,77.0,0.0,0.0,53.3,53.2,0.0,0.0,49.1,49.0,0.0,0.0,,,,,,,,,LEAD_ACID,
4709,10.63.171.147,SHD._20hor_13aBair_NMD40_ULN,42,2023-12-18 20:00:01,2023-12-18 20:53:12,53,SCHEDULED,BATTERY_CAPACITY,100.0,100.0,0.0,0.0,65.0,78.0,0.0,0.0,53.5,53.4,0.0,0.0,48.8,48.7,0.0,0.0,,,,,,,,,LEAD_ACID,
4710,10.63.171.147,SHD._20hor_13aBair_NMD40_ULN,41,2023-12-16 20:00:01,2023-12-16 20:59:31,59,SCHEDULED,BATTERY_CAPACITY,100.0,100.0,0.0,0.0,65.0,77.0,0.0,0.0,52.5,52.5,0.0,0.0,48.5,48.3,0.0,0.0,,,,,,,,,LEAD_ACID,
4711,10.63.171.147,SHD._20hor_13aBair_NMD40_ULN,40,2023-12-14 20:00:01,2023-12-14 20:56:38,56,SCHEDULED,BATTERY_CAPACITY,100.0,100.0,0.0,0.0,65.0,77.0,0.0,0.0,53.3,53.2,0.0,0.0,48.4,48.3,0.0,0.0,,,,,,,,,LEAD_ACID,
4712,10.63.171.147,SHD._20hor_13aBair_NMD40_ULN,39,2023-12-12 20:00:01,2023-12-12 20:59:12,59,SCHEDULED,BATTERY_CAPACITY,100.0,100.0,0.0,0.0,65.0,77.0,0.0,0.0,53.0,52.9,0.0,0.0,48.8,48.6,0.0,0.0,,,,,,,,,LEAD_ACID,
4713,10.63.171.147,SHD._20hor_13aBair_NMD40_ULN,38,2023-12-10 20:00:01,2023-12-10 20:57:04,57,SCHEDULED,BATTERY_CAPACITY,100.0,100.0,0.0,0.0,65.0,77.0,0.0,0.0,52.6,52.5,0.0,0.0,48.4,48.3,0.0,0.0,,,,,,,,,LEAD_ACID,
4714,10.63.171.147,SHD._20hor_13aBair_NMD40_ULN,37,2023-12-08 20:00:01,2023-12-08 20:56:15,56,SCHEDULED,BATTERY_CAPACITY,100.0,100.0,0.0,0.0,65.0,77.0,0.0,0.0,53.5,53.5,0.0,0.0,48.5,48.4,0.0,0.0,,,,,,,,,LEAD_ACID,
4715,10.63.171.147,SHD._20hor_13aBair_NMD40_ULN,36,2023-12-06 20:00:01,2023-12-06 20:59:53,59,SCHEDULED,BATTERY_CAPACITY,100.0,100.0,0.0,0.0,65.0,77.0,0.0,0.0,52.6,52.5,0.0,0.0,48.7,48.7,0.0,0.0,,,,,,,,,LEAD_ACID,
4716,10.63.171.147,SHD._20hor_13aBair_NMD40_ULN,35,2023-12-04 20:00:01,2023-12-04 20:59:47,59,SCHEDULED,BATTERY_CAPACITY,100.0,100.0,0.0,0.0,65.0,77.0,0.0,0.0,52.8,52.7,0.0,0.0,48.7,48.6,0.0,0.0,,,,,,,,,LEAD_ACID,
4717,10.63.171.147,SHD._20hor_13aBair_NMD40_ULN,34,2023-12-02 20:00:01,2023-12-02 20:59:34,59,SCHEDULED,BATTERY_CAPACITY,100.0,100.0,0.0,0.0,65.0,77.0,0.0,0.0,52.9,52.9,0.0,0.0,48.9,48.8,0.0,0.0,,,,,,,,,LEAD_ACID,
4718,10.63.171.147,SHD._20hor_13aBair_NMD40_ULN,33,2023-11-30 20:00:01,2023-11-30 21:02:18,62,SCHEDULED,BATTERY_CAPACITY,100.0,100.0,0.0,0.0,65.0,77.0,0.0,0.0,53.3,53.3,0.0,0.0,48.7,48.7,0.0,0.0,,,,,,,,,LEAD_ACID,
4719,10.63.171.147,SHD._20hor_13aBair_NMD40_ULN,32,2023-11-28 20:00:01,2023-11-28 20:56:39,56,SCHEDULED,BATTERY_CAPACITY,100.0,100.0,0.0,0.0,65.0,78.0,0.0,0.0,53.4,53.3,0.0,0.0,48.6,48.6,0.0,0.0,,,,,,,,,LEAD_ACID,
4720,10.63.171.147,SHD._20hor_13aBair_NMD40_ULN,31,2023-11-26 20:00:01,2023-11-26 20:57:55,57,SCHEDULED,BATTERY_CAPACITY,100.0,100.0,0.0,0.0,65.0,78.0,0.0,0.0,53.2,53.1,0.0,0.0,48.9,48.9,0.0,0.0,,,,,,,,,LEAD_ACID,
4721,10.63.171.147,SHD._20hor_13aBair_NMD40_ULN,30,2023-11-24 05:00:25,2023-11-24 06:20:19,79,SCHEDULED,BATTERY_CAPACITY,100.0,100.0,0.0,0.0,65.0,78.0,0.0,0.0,54.8,54.7,0.0,0.0,49.6,49.5,0.0,0.0,,,,,,,,,LEAD_ACID,
4722,10.63.171.147,SHD._20hor_13aBair_NMD40_ULN,29,2023-11-21 20:00:01,2023-11-21 21:01:00,60,SCHEDULED,BATTERY_CAPACITY,100.0,100.0,0.0,0.0,65.0,78.0,0.0,0.0,52.6,52.6,0.0,0.0,48.8,48.7,0.0,0.0,,,,,,,,,LEAD_ACID,
4723,10.63.171.147,SHD._20hor_13aBair_NMD40_ULN,28,2023-11-19 20:00:01,2023-11-19 21:00:41,60,SCHEDULED,BATTERY_CAPACITY,100.0,100.0,0.0,0.0,65.0,78.0,0.0,0.0,53.0,53.0,0.0,0.0,48.8,48.7,0.0,0.0,,,,,,,,,LEAD_ACID,
4724,10.63.171.147,SHD._20hor_13aBair_NMD40_ULN,27,2023-11-17 20:00:01,2023-11-17 20:59:36,59,SCHEDULED,BATTERY_CAPACITY,100.0,100.0,0.0,0.0,65.0,78.0,0.0,0.0,52.9,52.8,0.0,0.0,48.8,48.7,0.0,0.0,,,,,,,,,LEAD_ACID,
4725,10.63.171.147,SHD._20hor_13aBair_NMD40_ULN,26,2023-11-15 20:00:01,2023-11-15 20:59:51,59,SCHEDULED,BATTERY_CAPACITY,100.0,100.0,0.0,0.0,65.0,77.0,0.0,0.0,52.4,52.3,0.0,0.0,48.7,48.7,0.0,0.0,,,,,,,,,LEAD_ACID,
4726,10.63.171.147,SHD._20hor_13aBair_NMD40_ULN,25,2023-11-13 20:00:01,2023-11-13 21:01:54,61,SCHEDULED,BATTERY_CAPACITY,100.0,100.0,0.0,0.0,65.0,78.0,0.0,0.0,52.7,52.6,0.0,0.0,49.1,49.0,0.0,0.0,,,,,,,,,LEAD_ACID,
4727,10.63.171.147,SHD._20hor_13aBair_NMD40_ULN,24,2023-11-11 20:00:01,2023-11-11 20:59:00,58,SCHEDULED,BATTERY_CAPACITY,100.0,100.0,0.0,0.0,65.0,78.0,0.0,0.0,52.6,52.5,0.0,0.0,49.0,49.0,0.0,0.0,,,,,,,,,LEAD_ACID,
4728,10.63.171.147,SHD._20hor_13aBair_NMD40_ULN,23,2023-11-09 20:00:01,2023-11-09 20:57:44,57,SCHEDULED,BATTERY_CAPACITY,100.0,100.0,0.0,0.0,65.0,78.0,0.0,0.0,52.9,52.8,0.0,0.0,48.7,48.7,0.0,0.0,,,,,,,,,LEAD_ACID,
4729,10.63.171.147,SHD._20hor_13aBair_NMD40_ULN,22,2023-11-07 20:00:01,2023-11-07 20:57:09,57,SCHEDULED,BATTERY_CAPACITY,100.0,100.0,0.0,0.0,65.0,78.0,0.0,0.0,53.4,53.4,0.0,0.0,48.6,48.5,0.0,0.0,,,,,,,,,LEAD_ACID,
4730,10.63.171.147,SHD._20hor_13aBair_NMD40_ULN,21,2023-11-05 20:00:01,2023-11-05 20:56:20,56,SCHEDULED,BATTERY_CAPACITY,100.0,100.0,0.0,0.0,65.0,78.0,0.0,0.0,52.6,52.5,0.0,0.0,48.7,48.7,0.0,0.0,,,,,,,,,LEAD_ACID,
4731,10.63.171.147,SHD._20hor_13aBair_NMD40_ULN,20,2023-11-03 20:00:01,2023-11-03 20:58:52,58,SCHEDULED,BATTERY_CAPACITY,100.0,100.0,0.0,0.0,65.0,78.0,0.0,0.0,52.3,52.3,0.0,0.0,48.9,48.8,0.0,0.0,,,,,,,,,LEAD_ACID,
4732,10.63.171.147,SHD._20hor_13aBair_NMD40_ULN,19,2023-11-01 20:00:01,2023-11-01 20:58:56,58,SCHEDULED,BATTERY_CAPACITY,100.0,100.0,0.0,0.0,65.0,78.0,0.0,0.0,52.3,52.2,0.0,0.0,48.8,48.8,0.0,0.0,,,,,,,,,LEAD_ACID,
4733,10.63.171.147,SHD._20hor_13aBair_NMD40_ULN,18,2023-10-30 20:00:01,2023-10-30 20:59:14,59,SCHEDULED,BATTERY_CAPACITY,100.0,100.0,0.0,0.0,65.0,78.0,0.0,0.0,52.3,52.3,0.0,0.0,48.9,48.8,0.0,0.0,,,,,,,,,LEAD_ACID,
4734,10.63.171.147,SHD._20hor_13aBair_NMD40_ULN,17,2023-10-28 20:00:01,2023-10-28 20:58:30,58,SCHEDULED,BATTERY_CAPACITY,100.0,100.0,0.0,0.0,65.0,78.0,0.0,0.0,52.7,52.7,0.0,0.0,48.9,48.8,0.0,0.0,,,,,,,,,LEAD_ACID,
4735,10.63.171.147,SHD._20hor_13aBair_NMD40_ULN,16,2023-10-26 20:00:01,2023-10-26 21:00:34,60,SCHEDULED,BATTERY_CAPACITY,100.0,100.0,0.0,0.0,65.0,78.0,0.0,0.0,52.1,52.7,0.0,0.0,49.1,49.0,0.0,0.0,,,,,,,,,LEAD_ACID,
4736,10.63.171.147,SHD._20hor_13aBair_NMD40_ULN,15,2023-10-24 20:00:01,2023-10-24 20:59:25,59,SCHEDULED,BATTERY_CAPACITY,100.0,100.0,0.0,0.0,65.0,78.0,0.0,0.0,52.9,52.8,0.0,0.0,49.0,48.9,0.0,0.0,,,,,,,,,LEAD_ACID,
4737,10.63.171.147,SHD._20hor_13aBair_NMD40_ULN,14,2023-10-22 20:00:01,2023-10-22 21:00:17,60,SCHEDULED,BATTERY_CAPACITY,100.0,100.0,0.0,0.0,65.0,77.0,0.0,0.0,52.4,52.3,0.0,0.0,48.9,48.8,0.0,0.0,,,,,,,,,LEAD_ACID,
4738,10.63.171.147,SHD._20hor_13aBair_NMD40_ULN,13,2023-10-20 20:00:01,2023-10-20 20:58:51,58,SCHEDULED,BATTERY_CAPACITY,100.0,100.0,0.0,0.0,65.0,77.0,0.0,0.0,52.5,52.5,0.0,0.0,49.0,49.0,0.0,0.0,,,,,,,,,LEAD_ACID,
4739,10.63.171.147,SHD._20hor_13aBair_NMD40_ULN,12,2023-10-18 20:00:01,2023-10-18 20:55:43,55,SCHEDULED,BATTERY_CAPACITY,100.0,100.0,0.0,0.0,65.0,78.0,0.0,0.0,53.3,53.2,0.0,0.0,48.7,48.7,0.0,0.0,,,,,,,,,LEAD_ACID,
4740,10.63.171.147,SHD._20hor_13aBair_NMD40_ULN,11,2023-10-16 20:00:01,2023-10-16 20:59:19,59,SCHEDULED,BATTERY_CAPACITY,100.0,100.0,0.0,0.0,65.0,78.0,0.0,0.0,52.2,53.0,0.0,0.0,48.9,48.8,0.0,0.0,,,,,,,,,LEAD_ACID,
4741,10.63.171.147,SHD._20hor_13aBair_NMD40_ULN,10,2023-10-14 20:00:01,2023-10-14 20:59:38,59,SCHEDULED,BATTERY_CAPACITY,100.0,100.0,0.0,0.0,65.0,78.0,0.0,0.0,53.2,53.1,0.0,0.0,49.0,48.9,0.0,0.0,,,,,,,,,LEAD_ACID,
4742,10.63.171.147,SHD._20hor_13aBair_NMD40_ULN,9,2023-10-12 20:00:01,2023-10-12 20:53:56,53,SCHEDULED,BATTERY_CAPACITY,100.0,100.0,0.0,0.0,65.0,80.0,0.0,0.0,52.8,52.8,0.0,0.0,48.4,48.4,0.0,0.0,,,,,,,,,LEAD_ACID,
4743,10.63.171.147,SHD._20hor_13aBair_NMD40_ULN,8,2023-10-10 20:00:01,2023-10-10 20:40:25,40,SCHEDULED,BATTERY_VOLTAGE,100.0,100.0,0.0,0.0,78.0,79.0,0.0,0.0,52.5,52.4,0.0,0.0,46.7,46.6,0.0,0.0,,,,,,,,,LEAD_ACID,
4744,10.63.171.147,SHD._20hor_13aBair_NMD40_ULN,7,2023-10-08 20:00:01,2023-10-08 20:41:00,40,SCHEDULED,BATTERY_VOLTAGE,100.0,100.0,0.0,0.0,77.0,78.0,0.0,0.0,52.5,52.4,0.0,0.0,46.5,46.4,0.0,0.0,,,,,,,,,LEAD_ACID,
4745,10.63.171.147,SHD._20hor_13aBair_NMD40_ULN,6,2023-10-06 20:00:01,2023-10-06 20:42:56,42,SCHEDULED,BATTERY_VOLTAGE,100.0,100.0,0.0,0.0,75.0,75.0,0.0,0.0,52.9,52.8,0.0,0.0,46.5,46.5,0.0,0.0,,,,,,,,,LEAD_ACID,
4746,10.63.171.147,SHD._20hor_13aBair_NMD40_ULN,5,2023-10-04 20:00:01,2023-10-04 20:44:00,43,SCHEDULED,BATTERY_VOLTAGE,100.0,100.0,0.0,0.0,75.0,75.0,0.0,0.0,52.3,52.2,0.0,0.0,46.6,46.5,0.0,0.0,,,,,,,,,LEAD_ACID,
4747,10.63.171.147,SHD._20hor_13aBair_NMD40_ULN,4,2023-10-02 20:00:00,2023-10-02 20:47:21,47,SCHEDULED,BATTERY_VOLTAGE,100.0,100.0,0.0,0.0,74.0,74.0,0.0,0.0,53.4,53.3,0.0,0.0,46.5,46.4,0.0,0.0,,,,,,,,,LEAD_ACID,
4748,10.63.171.147,SHD._20hor_13aBair_NMD40_ULN,3,2023-09-30 20:00:01,2023-09-30 20:49:17,49,SCHEDULED,BATTERY_VOLTAGE,100.0,100.0,0.0,0.0,75.0,74.0,0.0,0.0,53.1,53.0,0.0,0.0,46.5,46.3,0.0,0.0,,,,,,,,,LEAD_ACID,
4749,10.63.171.147,SHD._20hor_13aBair_NMD40_ULN,2,2023-09-28 20:00:01,2023-09-28 20:47:25,47,SCHEDULED,BATTERY_VOLTAGE,100.0,100.0,0.0,0.0,74.0,74.0,0.0,0.0,53.0,52.9,0.0,0.0,46.6,46.5,0.0,0.0,,,,,,,,,LEAD_ACID,
4750,10.63.171.147,SHD._20hor_13aBair_NMD40_ULN,1,2023-09-26 14:29:13,2023-09-26 15:19:34,50,SCHEDULED,BATTERY_VOLTAGE,100.0,100.0,0.0,0.0,73.0,73.0,0.0,0.0,53.4,53.3,0.0,0.0,46.5,46.4,0.0,0.0,,,,,,,,,LEAD_ACID,
18830,10.63.171.147,SHD._20hor_13aBair_NMD40_ULN,436,2026-02-26 20:00:00,2026-02-26 20:47:20,47,SCHEDULED,BATTERY_CAPACITY,100.0,100.0,0.0,0.0,65.0,79.0,0.0,0.0,52.4,52.2,0.0,0.0,48.8,48.7,0.0,0.0,,,,,,,,,LEAD_ACID,
18882,10.63.171.147,SHD._20hor_13aBair_NMD40_ULN,437,2026-02-28 19:00:01,2026-02-28 19:51:19,51,SCHEDULED,BATTERY_CAPACITY,100.0,100.0,0.0,0.0,61.0,76.0,0.0,0.0,53.1,53.1,0.0,0.0,48.6,48.5,0.0,0.0,,,,,,,,,LEAD_ACID,
