id,IP,site_location,discharge_id,start_time,end_time,duration_min,start_cause,stop_cause,init_cap_rate1,init_cap_rate2,init_cap_rate3,init_cap_rate4,final_cap_rate1,final_cap_rate2,final_cap_rate3,final_cap_rate4,init_batt_volt1,init_batt_volt2,init_batt_volt3,init_batt_volt4,final_batt_volt1,final_batt_volt2,final_batt_volt3,final_batt_volt4,init_batt_disch_power1,init_batt_disch_power2,init_batt_disch_power3,init_batt_disch_power4,final_batt_disch_power1,final_batt_disch_power2,final_batt_disch_power3,final_batt_disch_power4,batt_type,temp,cycle_number,is_forecast,forecast_cap_rate1,forecast_date1,forecast_cap_rate2,forecast_date2
6506,10.63.43.90,HOV.Manhan_RTV_NMD110,5.0,2023-09-26 14:36:43,2023-09-26 15:52:06,75.0,SCHEDULED,BATTERY_CAPACITY,100.0,100.0,0.0,0.0,75.0,65.0,0.0,0.0,53.7,53.6,0.0,0.0,49.1,49.0,0.0,0.0,,,,,,,,,LEAD_ACID,,1,False,,,,
6505,10.63.43.90,HOV.Manhan_RTV_NMD110,6.0,2023-09-28 20:00:01,2023-09-28 21:07:33,67.0,SCHEDULED,BATTERY_CAPACITY,100.0,100.0,0.0,0.0,74.0,65.0,0.0,0.0,53.6,53.5,0.0,0.0,48.7,48.7,0.0,0.0,,,,,,,,,LEAD_ACID,,2,False,,,,
6504,10.63.43.90,HOV.Manhan_RTV_NMD110,7.0,2023-09-30 20:00:01,2023-09-30 21:06:21,66.0,SCHEDULED,BATTERY_CAPACITY,100.0,100.0,0.0,0.0,74.0,65.0,0.0,0.0,54.1,54.0,0.0,0.0,48.6,48.6,0.0,0.0,,,,,,,,,LEAD_ACID,,3,False,,,,
6503,10.63.43.90,HOV.Manhan_RTV_NMD110,8.0,2023-10-02 20:00:01,2023-10-02 21:04:41,64.0,SCHEDULED,BATTERY_CAPACITY,100.0,100.0,0.0,0.0,74.0,65.0,0.0,0.0,54.0,53.9,0.0,0.0,48.7,48.7,0.0,0.0,,,,,,,,,LEAD_ACID,,4,False,,,,
6502,10.63.43.90,HOV.Manhan_RTV_NMD110,9.0,2023-10-04 20:00:01,2023-10-04 21:06:48,66.0,SCHEDULED,BATTERY_CAPACITY,100.0,100.0,0.0,0.0,75.0,65.0,0.0,0.0,54.0,53.9,0.0,0.0,48.7,48.6,0.0,0.0,,,,,,,,,LEAD_ACID,,5,False,,,,
6501,10.63.43.90,HOV.Manhan_RTV_NMD110,10.0,2023-10-06 20:00:01,2023-10-06 21:08:00,67.0,SCHEDULED,BATTERY_CAPACITY,100.0,100.0,0.0,0.0,75.0,65.0,0.0,0.0,53.7,53.7,0.0,0.0,48.9,48.9,0.0,0.0,,,,,,,,,LEAD_ACID,,6,False,,,,
6500,10.63.43.90,HOV.Manhan_RTV_NMD110,11.0,2023-10-08 20:00:01,2023-10-08 21:07:28,67.0,SCHEDULED,BATTERY_CAPACITY,100.0,100.0,0.0,0.0,75.0,65.0,0.0,0.0,53.7,54.0,0.0,0.0,48.7,48.7,0.0,0.0,,,,,,,,,LEAD_ACID,,7,False,,,,
6499,10.63.43.90,HOV.Manhan_RTV_NMD110,12.0,2023-10-10 20:00:01,2023-10-10 21:05:35,65.0,SCHEDULED,BATTERY_CAPACITY,100.0,100.0,0.0,0.0,77.0,65.0,0.0,0.0,53.9,53.8,0.0,0.0,49.4,49.2,0.0,0.0,,,,,,,,,LEAD_ACID,,8,False,,,,
6498,10.63.43.90,HOV.Manhan_RTV_NMD110,13.0,2023-10-12 20:00:01,2023-10-12 21:05:29,65.0,SCHEDULED,BATTERY_CAPACITY,100.0,100.0,0.0,0.0,76.0,65.0,0.0,0.0,54.1,54.0,0.0,0.0,49.0,48.9,0.0,0.0,,,,,,,,,LEAD_ACID,,9,False,,,,
6497,10.63.43.90,HOV.Manhan_RTV_NMD110,14.0,2023-10-14 20:00:01,2023-10-14 21:06:59,66.0,SCHEDULED,BATTERY_CAPACITY,100.0,100.0,0.0,0.0,75.0,65.0,0.0,0.0,54.1,54.0,0.0,0.0,48.8,48.7,0.0,0.0,,,,,,,,,LEAD_ACID,,10,False,,,,
6496,10.63.43.90,HOV.Manhan_RTV_NMD110,15.0,2023-10-16 20:00:01,2023-10-16 21:05:53,65.0,SCHEDULED,BATTERY_CAPACITY,100.0,100.0,0.0,0.0,75.0,65.0,0.0,0.0,53.7,53.6,0.0,0.0,48.7,48.7,0.0,0.0,,,,,,,,,LEAD_ACID,,11,False,,,,
6495,10.63.43.90,HOV.Manhan_RTV_NMD110,16.0,2023-10-18 20:00:01,2023-10-18 21:05:38,65.0,SCHEDULED,BATTERY_CAPACITY,100.0,100.0,0.0,0.0,74.0,65.0,0.0,0.0,53.7,53.6,0.0,0.0,48.6,48.6,0.0,0.0,,,,,,,,,LEAD_ACID,,12,False,,,,
6494,10.63.43.90,HOV.Manhan_RTV_NMD110,17.0,2023-10-20 20:00:01,2023-10-20 21:06:58,66.0,SCHEDULED,BATTERY_CAPACITY,100.0,100.0,0.0,0.0,73.0,65.0,0.0,0.0,53.7,53.6,0.0,0.0,48.6,48.5,0.0,0.0,,,,,,,,,LEAD_ACID,,13,False,,,,
6493,10.63.43.90,HOV.Manhan_RTV_NMD110,18.0,2023-10-22 20:00:01,2023-10-22 21:09:21,69.0,SCHEDULED,BATTERY_CAPACITY,100.0,100.0,0.0,0.0,73.0,65.0,0.0,0.0,53.7,53.5,0.0,0.0,48.6,48.5,0.0,0.0,,,,,,,,,LEAD_ACID,,14,False,,,,
6492,10.63.43.90,HOV.Manhan_RTV_NMD110,19.0,2023-10-24 20:00:01,2023-10-24 21:08:50,68.0,SCHEDULED,BATTERY_CAPACITY,100.0,100.0,0.0,0.0,73.0,65.0,0.0,0.0,53.8,53.6,0.0,0.0,48.5,48.4,0.0,0.0,,,,,,,,,LEAD_ACID,,15,False,,,,
6491,10.63.43.90,HOV.Manhan_RTV_NMD110,20.0,2023-10-26 20:00:01,2023-10-26 21:08:50,68.0,SCHEDULED,BATTERY_CAPACITY,100.0,100.0,0.0,0.0,73.0,65.0,0.0,0.0,53.8,53.7,0.0,0.0,48.5,48.4,0.0,0.0,,,,,,,,,LEAD_ACID,,16,False,,,,
6490,10.63.43.90,HOV.Manhan_RTV_NMD110,21.0,2023-10-28 20:00:01,2023-10-28 21:08:04,68.0,SCHEDULED,BATTERY_CAPACITY,100.0,100.0,0.0,0.0,73.0,65.0,0.0,0.0,54.1,54.0,0.0,0.0,48.5,48.4,0.0,0.0,,,,,,,,,LEAD_ACID,,17,False,,,,
6489,10.63.43.90,HOV.Manhan_RTV_NMD110,22.0,2023-10-30 20:00:01,2023-10-30 21:07:46,67.0,SCHEDULED,BATTERY_CAPACITY,100.0,100.0,0.0,0.0,73.0,65.0,0.0,0.0,54.0,53.9,0.0,0.0,48.4,48.4,0.0,0.0,,,,,,,,,LEAD_ACID,,18,False,,,,
6488,10.63.43.90,HOV.Manhan_RTV_NMD110,23.0,2023-11-01 20:00:00,2023-11-01 21:08:34,68.0,SCHEDULED,BATTERY_CAPACITY,100.0,100.0,0.0,0.0,73.0,65.0,0.0,0.0,54.1,54.0,0.0,0.0,48.4,48.3,0.0,0.0,,,,,,,,,LEAD_ACID,,19,False,,,,
6487,10.63.43.90,HOV.Manhan_RTV_NMD110,24.0,2023-11-03 20:00:01,2023-11-03 21:08:36,68.0,SCHEDULED,BATTERY_CAPACITY,100.0,100.0,0.0,0.0,72.0,65.0,0.0,0.0,53.5,53.4,0.0,0.0,48.4,48.3,0.0,0.0,,,,,,,,,LEAD_ACID,,20,False,,,,
6486,10.63.43.90,HOV.Manhan_RTV_NMD110,25.0,2023-11-05 20:00:01,2023-11-05 21:09:30,69.0,SCHEDULED,BATTERY_CAPACITY,100.0,100.0,0.0,0.0,72.0,65.0,0.0,0.0,54.3,54.2,0.0,0.0,48.3,48.3,0.0,0.0,,,,,,,,,LEAD_ACID,,21,False,,,,
6485,10.63.43.90,HOV.Manhan_RTV_NMD110,26.0,2023-11-07 20:00:01,2023-11-07 21:16:33,76.0,SCHEDULED,BATTERY_CAPACITY,100.0,100.0,0.0,0.0,72.0,65.0,0.0,0.0,53.6,53.6,0.0,0.0,48.3,48.3,0.0,0.0,,,,,,,,,LEAD_ACID,,22,False,,,,
6484,10.63.43.90,HOV.Manhan_RTV_NMD110,27.0,2023-11-09 20:00:01,2023-11-09 21:11:26,71.0,SCHEDULED,BATTERY_CAPACITY,100.0,100.0,0.0,0.0,72.0,65.0,0.0,0.0,53.7,53.6,0.0,0.0,48.3,48.2,0.0,0.0,,,,,,,,,LEAD_ACID,,23,False,,,,
6483,10.63.43.90,HOV.Manhan_RTV_NMD110,28.0,2023-11-11 20:00:01,2023-11-11 21:09:55,69.0,SCHEDULED,BATTERY_CAPACITY,100.0,100.0,0.0,0.0,71.0,65.0,0.0,0.0,53.5,53.4,0.0,0.0,48.4,48.4,0.0,0.0,,,,,,,,,LEAD_ACID,,24,False,,,,
6482,10.63.43.90,HOV.Manhan_RTV_NMD110,29.0,2023-11-13 20:00:01,2023-11-13 21:10:28,70.0,SCHEDULED,BATTERY_CAPACITY,100.0,100.0,0.0,0.0,71.0,65.0,0.0,0.0,53.7,53.6,0.0,0.0,48.1,48.0,0.0,0.0,,,,,,,,,LEAD_ACID,,25,False,,,,
6481,10.63.43.90,HOV.Manhan_RTV_NMD110,30.0,2023-11-15 20:00:01,2023-11-15 21:10:13,70.0,SCHEDULED,BATTERY_CAPACITY,100.0,100.0,0.0,0.0,71.0,65.0,0.0,0.0,53.7,53.6,0.0,0.0,48.1,48.1,0.0,0.0,,,,,,,,,LEAD_ACID,,26,False,,,,
6480,10.63.43.90,HOV.Manhan_RTV_NMD110,31.0,2023-11-17 20:00:01,2023-11-17 21:11:52,71.0,SCHEDULED,BATTERY_CAPACITY,100.0,100.0,0.0,0.0,70.0,65.0,0.0,0.0,54.1,54.0,0.0,0.0,47.8,47.8,0.0,0.0,,,,,,,,,LEAD_ACID,,27,False,,,,
6479,10.63.43.90,HOV.Manhan_RTV_NMD110,32.0,2023-11-19 20:00:01,2023-11-19 21:13:34,73.0,SCHEDULED,BATTERY_CAPACITY,100.0,100.0,0.0,0.0,71.0,65.0,0.0,0.0,54.2,54.1,0.0,0.0,48.0,47.9,0.0,0.0,,,,,,,,,LEAD_ACID,,28,False,,,,
6478,10.63.43.90,HOV.Manhan_RTV_NMD110,33.0,2023-11-21 20:00:01,2023-11-21 21:13:20,73.0,SCHEDULED,BATTERY_CAPACITY,100.0,100.0,0.0,0.0,71.0,65.0,0.0,0.0,54.2,54.0,0.0,0.0,48.1,48.0,0.0,0.0,,,,,,,,,LEAD_ACID,,29,False,,,,
6477,10.63.43.90,HOV.Manhan_RTV_NMD110,34.0,2023-11-23 20:00:01,2023-11-23 21:12:39,72.0,SCHEDULED,BATTERY_CAPACITY,100.0,100.0,0.0,0.0,69.0,65.0,0.0,0.0,54.1,53.9,0.0,0.0,47.7,47.6,0.0,0.0,,,,,,,,,LEAD_ACID,,30,False,,,,
6476,10.63.43.90,HOV.Manhan_RTV_NMD110,35.0,2023-11-25 20:00:01,2023-11-25 21:12:45,72.0,SCHEDULED,BATTERY_CAPACITY,100.0,100.0,0.0,0.0,69.0,65.0,0.0,0.0,54.3,54.2,0.0,0.0,47.7,47.6,0.0,0.0,,,,,,,,,LEAD_ACID,,31,False,,,,
6475,10.63.43.90,HOV.Manhan_RTV_NMD110,36.0,2023-11-27 20:00:01,2023-11-27 21:09:23,69.0,SCHEDULED,BATTERY_CAPACITY,100.0,100.0,0.0,0.0,71.0,65.0,0.0,0.0,53.8,53.8,0.0,0.0,47.8,47.8,0.0,0.0,,,,,,,,,LEAD_ACID,,32,False,,,,
6474,10.63.43.90,HOV.Manhan_RTV_NMD110,37.0,2023-11-29 20:00:01,2023-11-29 21:13:24,73.0,SCHEDULED,BATTERY_CAPACITY,100.0,100.0,0.0,0.0,68.0,65.0,0.0,0.0,54.5,54.4,0.0,0.0,47.6,47.6,0.0,0.0,,,,,,,,,LEAD_ACID,,33,False,,,,
6473,10.63.43.90,HOV.Manhan_RTV_NMD110,38.0,2023-12-01 20:00:01,2023-12-01 21:08:12,68.0,SCHEDULED,BATTERY_CAPACITY,100.0,100.0,0.0,0.0,69.0,65.0,0.0,0.0,54.4,54.3,0.0,0.0,47.6,47.5,0.0,0.0,,,,,,,,,LEAD_ACID,,34,False,,,,
6472,10.63.43.90,HOV.Manhan_RTV_NMD110,39.0,2023-12-03 20:00:01,2023-12-03 21:11:04,71.0,SCHEDULED,BATTERY_CAPACITY,100.0,100.0,0.0,0.0,69.0,65.0,0.0,0.0,54.5,54.4,0.0,0.0,47.6,47.5,0.0,0.0,,,,,,,,,LEAD_ACID,,35,False,,,,
6471,10.63.43.90,HOV.Manhan_RTV_NMD110,40.0,2023-12-05 20:00:01,2023-12-05 21:07:54,67.0,SCHEDULED,BATTERY_CAPACITY,100.0,100.0,0.0,0.0,72.0,65.0,0.0,0.0,54.2,54.1,0.0,0.0,48.4,48.3,0.0,0.0,,,,,,,,,LEAD_ACID,,36,False,,,,
6470,10.63.43.90,HOV.Manhan_RTV_NMD110,41.0,2023-12-07 20:48:57,2023-12-07 21:57:23,68.0,SCHEDULED,BATTERY_CAPACITY,100.0,100.0,0.0,0.0,73.0,65.0,0.0,0.0,56.0,56.0,0.0,0.0,48.4,48.4,0.0,0.0,,,,,,,,,LEAD_ACID,,37,False,,,,
6469,10.63.43.90,HOV.Manhan_RTV_NMD110,42.0,2023-12-09 20:00:01,2023-12-09 21:11:34,71.0,SCHEDULED,BATTERY_CAPACITY,100.0,100.0,0.0,0.0,67.0,65.0,0.0,0.0,54.4,54.3,0.0,0.0,47.8,47.7,0.0,0.0,,,,,,,,,LEAD_ACID,,38,False,,,,
6468,10.63.43.90,HOV.Manhan_RTV_NMD110,43.0,2023-12-11 20:00:01,2023-12-11 21:13:38,73.0,SCHEDULED,BATTERY_CAPACITY,100.0,100.0,0.0,0.0,65.0,65.0,0.0,0.0,54.4,54.3,0.0,0.0,47.1,47.1,0.0,0.0,,,,,,,,,LEAD_ACID,,39,False,,,,
6467,10.63.43.90,HOV.Manhan_RTV_NMD110,44.0,2023-12-13 20:00:01,2023-12-13 21:13:15,73.0,SCHEDULED,BATTERY_CAPACITY,100.0,100.0,0.0,0.0,65.0,66.0,0.0,0.0,54.7,54.6,0.0,0.0,47.1,47.1,0.0,0.0,,,,,,,,,LEAD_ACID,,40,False,,,,
6466,10.63.43.90,HOV.Manhan_RTV_NMD110,45.0,2023-12-15 20:00:01,2023-12-15 21:14:51,74.0,SCHEDULED,BATTERY_CAPACITY,100.0,100.0,0.0,0.0,65.0,66.0,0.0,0.0,54.6,54.5,0.0,0.0,47.1,47.1,0.0,0.0,,,,,,,,,LEAD_ACID,,41,False,,,,
6465,10.63.43.90,HOV.Manhan_RTV_NMD110,46.0,2023-12-17 20:00:01,2023-12-17 21:08:28,68.0,SCHEDULED,BATTERY_CAPACITY,100.0,100.0,0.0,0.0,65.0,66.0,0.0,0.0,54.7,54.6,0.0,0.0,47.0,47.0,0.0,0.0,,,,,,,,,LEAD_ACID,,42,False,,,,
6464,10.63.43.90,HOV.Manhan_RTV_NMD110,47.0,2023-12-19 20:00:00,2023-12-19 21:07:29,67.0,SCHEDULED,BATTERY_CAPACITY,100.0,100.0,0.0,0.0,65.0,67.0,0.0,0.0,54.9,54.8,0.0,0.0,47.1,47.0,0.0,0.0,,,,,,,,,LEAD_ACID,,43,False,,,,
6463,10.63.43.90,HOV.Manhan_RTV_NMD110,48.0,2023-12-21 20:00:01,2023-12-21 21:12:55,72.0,SCHEDULED,BATTERY_CAPACITY,100.0,100.0,0.0,0.0,65.0,67.0,0.0,0.0,55.0,54.9,0.0,0.0,47.3,47.2,0.0,0.0,,,,,,,,,LEAD_ACID,,44,False,,,,
6462,10.63.43.90,HOV.Manhan_RTV_NMD110,49.0,2023-12-23 20:00:00,2023-12-23 21:08:54,68.0,SCHEDULED,BATTERY_CAPACITY,100.0,100.0,0.0,0.0,65.0,67.0,0.0,0.0,54.5,54.5,0.0,0.0,47.1,47.0,0.0,0.0,,,,,,,,,LEAD_ACID,,45,False,,,,
6461,10.63.43.90,HOV.Manhan_RTV_NMD110,50.0,2023-12-25 20:00:01,2023-12-25 21:08:28,68.0,SCHEDULED,BATTERY_CAPACITY,100.0,100.0,0.0,0.0,65.0,67.0,0.0,0.0,54.7,54.6,0.0,0.0,46.8,46.7,0.0,0.0,,,,,,,,,LEAD_ACID,,46,False,,,,
6460,10.63.43.90,HOV.Manhan_RTV_NMD110,51.0,2023-12-27 20:00:01,2023-12-27 21:08:37,68.0,SCHEDULED,BATTERY_CAPACITY,100.0,100.0,0.0,0.0,65.0,66.0,0.0,0.0,54.5,54.4,0.0,0.0,47.0,46.9,0.0,0.0,,,,,,,,,LEAD_ACID,,47,False,,,,
6459,10.63.43.90,HOV.Manhan_RTV_NMD110,52.0,2023-12-29 20:00:01,2023-12-29 21:09:35,69.0,SCHEDULED,BATTERY_CAPACITY,100.0,100.0,0.0,0.0,65.0,65.0,0.0,0.0,54.2,54.1,0.0,0.0,46.9,46.8,0.0,0.0,,,,,,,,,LEAD_ACID,,48,False,,,,
6458,10.63.43.90,HOV.Manhan_RTV_NMD110,53.0,2023-12-31 20:00:01,2023-12-31 21:13:13,73.0,SCHEDULED,BATTERY_CAPACITY,100.0,100.0,0.0,0.0,68.0,65.0,0.0,0.0,54.2,54.1,0.0,0.0,47.4,47.4,0.0,0.0,,,,,,,,,LEAD_ACID,,49,False,,,,
6457,10.63.43.90,HOV.Manhan_RTV_NMD110,54.0,2024-01-02 20:00:01,2024-01-02 21:11:40,71.0,SCHEDULED,BATTERY_CAPACITY,100.0,100.0,0.0,0.0,67.0,65.0,0.0,0.0,54.8,54.7,0.0,0.0,47.3,47.3,0.0,0.0,,,,,,,,,LEAD_ACID,,50,False,,,,
6456,10.63.43.90,HOV.Manhan_RTV_NMD110,55.0,2024-01-04 20:00:01,2024-01-04 21:14:14,74.0,SCHEDULED,BATTERY_CAPACITY,100.0,100.0,0.0,0.0,69.0,65.0,0.0,0.0,54.5,54.4,0.0,0.0,47.8,47.9,0.0,0.0,,,,,,,,,LEAD_ACID,,51,False,,,,
6455,10.63.43.90,HOV.Manhan_RTV_NMD110,56.0,2024-01-06 20:00:01,2024-01-06 21:12:33,72.0,SCHEDULED,BATTERY_CAPACITY,100.0,100.0,0.0,0.0,67.0,65.0,0.0,0.0,54.8,54.7,0.0,0.0,47.4,47.2,0.0,0.0,,,,,,,,,LEAD_ACID,,52,False,,,,
6454,10.63.43.90,HOV.Manhan_RTV_NMD110,57.0,2024-01-08 20:00:01,2024-01-08 21:13:42,73.0,SCHEDULED,BATTERY_CAPACITY,100.0,100.0,0.0,0.0,69.0,65.0,0.0,0.0,54.2,54.1,0.0,0.0,47.5,47.4,0.0,0.0,,,,,,,,,LEAD_ACID,,53,False,,,,
6453,10.63.43.90,HOV.Manhan_RTV_NMD110,58.0,2024-01-10 20:00:01,2024-01-10 21:08:35,68.0,SCHEDULED,BATTERY_CAPACITY,100.0,100.0,0.0,0.0,71.0,65.0,0.0,0.0,54.3,54.2,0.0,0.0,48.0,47.9,0.0,0.0,,,,,,,,,LEAD_ACID,,54,False,,,,
6452,10.63.43.90,HOV.Manhan_RTV_NMD110,59.0,2024-01-12 20:00:01,2024-01-12 21:08:17,68.0,SCHEDULED,BATTERY_CAPACITY,100.0,100.0,0.0,0.0,71.0,65.0,0.0,0.0,54.1,54.0,0.0,0.0,48.0,47.9,0.0,0.0,,,,,,,,,LEAD_ACID,,55,False,,,,
6451,10.63.43.90,HOV.Manhan_RTV_NMD110,60.0,2024-01-14 20:00:01,2024-01-14 21:08:52,68.0,SCHEDULED,BATTERY_CAPACITY,100.0,100.0,0.0,0.0,70.0,65.0,0.0,0.0,54.2,54.0,0.0,0.0,47.7,47.7,0.0,0.0,,,,,,,,,LEAD_ACID,,56,False,,,,
6450,10.63.43.90,HOV.Manhan_RTV_NMD110,61.0,2024-01-16 20:00:01,2024-01-16 21:14:10,74.0,SCHEDULED,BATTERY_CAPACITY,100.0,100.0,0.0,0.0,70.0,65.0,0.0,0.0,54.5,54.4,0.0,0.0,47.7,47.6,0.0,0.0,,,,,,,,,LEAD_ACID,,57,False,,,,
6449,10.63.43.90,HOV.Manhan_RTV_NMD110,62.0,2024-01-18 20:00:01,2024-01-18 21:12:31,72.0,SCHEDULED,BATTERY_CAPACITY,100.0,100.0,0.0,0.0,69.0,65.0,0.0,0.0,54.5,54.4,0.0,0.0,47.5,47.4,0.0,0.0,,,,,,,,,LEAD_ACID,,58,False,,,,
6448,10.63.43.90,HOV.Manhan_RTV_NMD110,63.0,2024-01-20 20:00:01,2024-01-20 21:11:28,71.0,SCHEDULED,BATTERY_CAPACITY,100.0,100.0,0.0,0.0,65.0,65.0,0.0,0.0,54.3,54.3,0.0,0.0,46.7,46.7,0.0,0.0,,,,,,,,,LEAD_ACID,,59,False,,,,
6447,10.63.43.90,HOV.Manhan_RTV_NMD110,64.0,2024-01-22 20:00:01,2024-01-22 21:13:23,73.0,SCHEDULED,BATTERY_CAPACITY,100.0,100.0,0.0,0.0,65.0,66.0,0.0,0.0,54.9,54.7,0.0,0.0,46.7,46.7,0.0,0.0,,,,,,,,,LEAD_ACID,,60,False,,,,
6446,10.63.43.90,HOV.Manhan_RTV_NMD110,65.0,2024-01-24 20:00:01,2024-01-24 21:13:42,73.0,SCHEDULED,BATTERY_VOLTAGE,100.0,100.0,0.0,0.0,71.0,66.0,0.0,0.0,54.9,54.7,0.0,0.0,46.5,46.5,0.0,0.0,,,,,,,,,LEAD_ACID,,61,False,,,,
6445,10.63.43.90,HOV.Manhan_RTV_NMD110,66.0,2024-01-26 20:00:01,2024-01-26 21:09:41,69.0,SCHEDULED,BATTERY_VOLTAGE,100.0,100.0,0.0,0.0,72.0,68.0,0.0,0.0,55.4,55.3,0.0,0.0,46.5,46.4,0.0,0.0,,,,,,,,,LEAD_ACID,,62,False,,,,
6444,10.63.43.90,HOV.Manhan_RTV_NMD110,67.0,2024-01-28 20:00:01,2024-01-28 21:10:15,70.0,SCHEDULED,BATTERY_VOLTAGE,100.0,100.0,0.0,0.0,71.0,67.0,0.0,0.0,54.8,54.7,0.0,0.0,46.4,46.4,0.0,0.0,,,,,,,,,LEAD_ACID,,63,False,,,,
6443,10.63.43.90,HOV.Manhan_RTV_NMD110,68.0,2024-01-30 20:00:01,2024-01-30 21:10:01,70.0,SCHEDULED,BATTERY_VOLTAGE,100.0,100.0,0.0,0.0,72.0,68.0,0.0,0.0,54.9,54.8,0.0,0.0,46.5,46.4,0.0,0.0,,,,,,,,,LEAD_ACID,,64,False,,,,
6442,10.63.43.90,HOV.Manhan_RTV_NMD110,69.0,2024-02-01 20:00:00,2024-02-01 21:06:30,66.0,SCHEDULED,BATTERY_VOLTAGE,100.0,100.0,0.0,0.0,72.0,68.0,0.0,0.0,55.2,55.2,0.0,0.0,46.6,46.5,0.0,0.0,,,,,,,,,LEAD_ACID,,65,False,,,,
6441,10.63.43.90,HOV.Manhan_RTV_NMD110,70.0,2024-02-03 20:00:00,2024-02-03 21:07:21,67.0,SCHEDULED,BATTERY_VOLTAGE,100.0,100.0,0.0,0.0,65.0,68.0,0.0,0.0,54.6,55.1,0.0,0.0,46.4,46.4,0.0,0.0,,,,,,,,,LEAD_ACID,,66,False,,,,
6440,10.63.43.90,HOV.Manhan_RTV_NMD110,71.0,2024-02-05 20:00:01,2024-02-05 21:10:13,70.0,SCHEDULED,BATTERY_CAPACITY,100.0,100.0,0.0,0.0,65.0,67.0,0.0,0.0,54.7,54.6,0.0,0.0,46.6,46.5,0.0,0.0,,,,,,,,,LEAD_ACID,,67,False,,,,
6439,10.63.43.90,HOV.Manhan_RTV_NMD110,72.0,2024-02-07 20:00:00,2024-02-07 21:06:38,66.0,SCHEDULED,BATTERY_VOLTAGE,100.0,100.0,0.0,0.0,65.0,68.0,0.0,0.0,54.9,54.8,0.0,0.0,46.5,46.4,0.0,0.0,,,,,,,,,LEAD_ACID,,68,False,,,,
6438,10.63.43.90,HOV.Manhan_RTV_NMD110,73.0,2024-02-09 20:00:01,2024-02-09 21:11:39,71.0,SCHEDULED,BATTERY_VOLTAGE,100.0,100.0,0.0,0.0,66.0,67.0,0.0,0.0,54.6,54.6,0.0,0.0,46.5,46.5,0.0,0.0,,,,,,,,,LEAD_ACID,,69,False,,,,
6437,10.63.43.90,HOV.Manhan_RTV_NMD110,74.0,2024-02-11 20:00:01,2024-02-11 21:09:06,69.0,SCHEDULED,BATTERY_CAPACITY,100.0,100.0,0.0,0.0,68.0,65.0,0.0,0.0,54.6,54.5,0.0,0.0,46.9,46.8,0.0,0.0,,,,,,,,,LEAD_ACID,,70,False,,,,
6436,10.63.43.90,HOV.Manhan_RTV_NMD110,75.0,2024-02-13 20:00:01,2024-02-13 21:07:58,67.0,SCHEDULED,BATTERY_CAPACITY,100.0,100.0,0.0,0.0,70.0,65.0,0.0,0.0,54.5,54.4,0.0,0.0,47.1,47.0,0.0,0.0,,,,,,,,,LEAD_ACID,,71,False,,,,
6435,10.63.43.90,HOV.Manhan_RTV_NMD110,76.0,2024-02-15 20:00:01,2024-02-15 21:06:48,66.0,SCHEDULED,BATTERY_CAPACITY,100.0,100.0,0.0,0.0,72.0,65.0,0.0,0.0,54.0,53.9,0.0,0.0,47.5,47.5,0.0,0.0,,,,,,,,,LEAD_ACID,,72,False,,,,
6434,10.63.43.90,HOV.Manhan_RTV_NMD110,77.0,2024-02-17 20:00:01,2024-02-17 21:03:56,63.0,SCHEDULED,BATTERY_VOLTAGE,100.0,100.0,0.0,0.0,70.0,66.0,0.0,0.0,54.4,54.3,0.0,0.0,46.5,46.4,0.0,0.0,,,,,,,,,LEAD_ACID,,73,False,,,,
6433,10.63.43.90,HOV.Manhan_RTV_NMD110,78.0,2024-02-19 20:00:01,2024-02-19 21:05:01,65.0,SCHEDULED,BATTERY_VOLTAGE,100.0,100.0,0.0,0.0,70.0,68.0,0.0,0.0,54.3,54.2,0.0,0.0,46.6,46.6,0.0,0.0,,,,,,,,,LEAD_ACID,,74,False,,,,
6432,10.63.43.90,HOV.Manhan_RTV_NMD110,79.0,2024-02-21 20:00:01,2024-02-21 21:02:59,62.0,SCHEDULED,BATTERY_VOLTAGE,100.0,100.0,0.0,0.0,71.0,70.0,0.0,0.0,54.8,54.7,0.0,0.0,46.4,46.4,0.0,0.0,,,,,,,,,LEAD_ACID,,75,False,,,,
6431,10.63.43.90,HOV.Manhan_RTV_NMD110,80.0,2024-02-23 20:00:01,2024-02-23 21:00:57,60.0,SCHEDULED,BATTERY_VOLTAGE,100.0,100.0,0.0,0.0,71.0,70.0,0.0,0.0,54.5,54.4,0.0,0.0,46.4,46.5,0.0,0.0,,,,,,,,,LEAD_ACID,,76,False,,,,
6430,10.63.43.90,HOV.Manhan_RTV_NMD110,81.0,2024-02-25 20:00:01,2024-02-25 21:01:32,61.0,SCHEDULED,BATTERY_VOLTAGE,100.0,100.0,0.0,0.0,71.0,69.0,0.0,0.0,54.5,54.4,0.0,0.0,46.4,46.3,0.0,0.0,,,,,,,,,LEAD_ACID,,77,False,,,,
6429,10.63.43.90,HOV.Manhan_RTV_NMD110,82.0,2024-02-27 20:00:01,2024-02-27 21:03:25,63.0,SCHEDULED,BATTERY_VOLTAGE,100.0,100.0,0.0,0.0,71.0,68.0,0.0,0.0,54.6,54.5,0.0,0.0,46.7,46.4,0.0,0.0,,,,,,,,,LEAD_ACID,,78,False,,,,
6428,10.63.43.90,HOV.Manhan_RTV_NMD110,83.0,2024-02-29 20:00:01,2024-02-29 21:05:36,65.0,SCHEDULED,BATTERY_VOLTAGE,100.0,100.0,0.0,0.0,71.0,67.0,0.0,0.0,54.8,54.7,0.0,0.0,46.6,46.5,0.0,0.0,,,,,,,,,LEAD_ACID,,79,False,,,,
6427,10.63.43.90,HOV.Manhan_RTV_NMD110,84.0,2024-03-02 20:00:01,2024-03-02 21:05:50,65.0,SCHEDULED,BATTERY_VOLTAGE,100.0,100.0,0.0,0.0,72.0,66.0,0.0,0.0,54.7,54.6,0.0,0.0,46.6,46.5,0.0,0.0,,,,,,,,,LEAD_ACID,,80,False,,,,
6426,10.63.43.90,HOV.Manhan_RTV_NMD110,85.0,2024-03-04 20:00:01,2024-03-04 21:05:03,65.0,SCHEDULED,BATTERY_CAPACITY,100.0,100.0,0.0,0.0,74.0,65.0,0.0,0.0,54.0,53.8,0.0,0.0,46.9,46.8,0.0,0.0,,,,,,,,,LEAD_ACID,,81,False,,,,
6425,10.63.43.90,HOV.Manhan_RTV_NMD110,86.0,2024-03-06 20:00:01,2024-03-06 21:00:23,60.0,SCHEDULED,BATTERY_CAPACITY,100.0,100.0,0.0,0.0,75.0,65.0,0.0,0.0,54.2,54.1,0.0,0.0,46.9,46.8,0.0,0.0,,,,,,,,,LEAD_ACID,,82,False,,,,
6424,10.63.43.90,HOV.Manhan_RTV_NMD110,87.0,2024-03-08 20:00:01,2024-03-08 21:02:29,62.0,SCHEDULED,BATTERY_CAPACITY,100.0,100.0,0.0,0.0,76.0,65.0,0.0,0.0,53.7,53.6,0.0,0.0,47.0,47.0,0.0,0.0,,,,,,,,,LEAD_ACID,,83,False,,,,
6423,10.63.43.90,HOV.Manhan_RTV_NMD110,88.0,2024-03-10 20:00:01,2024-03-10 21:02:10,62.0,SCHEDULED,BATTERY_CAPACITY,100.0,100.0,0.0,0.0,77.0,65.0,0.0,0.0,54.0,54.0,0.0,0.0,47.2,47.2,0.0,0.0,,,,,,,,,LEAD_ACID,,84,False,,,,
6422,10.63.43.90,HOV.Manhan_RTV_NMD110,89.0,2024-03-12 20:00:01,2024-03-12 21:03:36,63.0,SCHEDULED,BATTERY_CAPACITY,100.0,100.0,0.0,0.0,76.0,65.0,0.0,0.0,53.8,53.7,0.0,0.0,47.1,47.1,0.0,0.0,,,,,,,,,LEAD_ACID,,85,False,,,,
6421,10.63.43.90,HOV.Manhan_RTV_NMD110,90.0,2024-03-14 20:00:01,2024-03-14 21:04:48,64.0,SCHEDULED,BATTERY_CAPACITY,100.0,100.0,0.0,0.0,75.0,65.0,0.0,0.0,53.9,53.8,0.0,0.0,46.6,46.6,0.0,0.0,,,,,,,,,LEAD_ACID,,86,False,,,,
6420,10.63.43.90,HOV.Manhan_RTV_NMD110,91.0,2024-03-16 20:00:01,2024-03-16 21:04:00,63.0,SCHEDULED,BATTERY_VOLTAGE,100.0,100.0,0.0,0.0,75.0,66.0,0.0,0.0,54.1,54.1,0.0,0.0,46.4,46.5,0.0,0.0,,,,,,,,,LEAD_ACID,,87,False,,,,
6419,10.63.43.90,HOV.Manhan_RTV_NMD110,92.0,2024-03-18 20:00:01,2024-03-18 21:00:40,60.0,SCHEDULED,BATTERY_VOLTAGE,100.0,100.0,0.0,0.0,75.0,66.0,0.0,0.0,54.2,54.1,0.0,0.0,46.5,46.5,0.0,0.0,,,,,,,,,LEAD_ACID,,88,False,,,,
6418,10.63.43.90,HOV.Manhan_RTV_NMD110,93.0,2024-03-20 20:00:01,2024-03-20 21:06:38,66.0,SCHEDULED,BATTERY_VOLTAGE,100.0,100.0,0.0,0.0,75.0,66.0,0.0,0.0,53.8,53.7,0.0,0.0,46.5,46.4,0.0,0.0,,,,,,,,,LEAD_ACID,,89,False,,,,
6417,10.63.43.90,HOV.Manhan_RTV_NMD110,94.0,2024-03-22 20:00:01,2024-03-22 21:02:05,62.0,SCHEDULED,BATTERY_VOLTAGE,100.0,100.0,0.0,0.0,76.0,66.0,0.0,0.0,54.1,54.0,0.0,0.0,46.5,46.4,0.0,0.0,,,,,,,,,LEAD_ACID,,90,False,,,,
6416,10.63.43.90,HOV.Manhan_RTV_NMD110,95.0,2024-03-24 20:00:01,2024-03-24 21:04:05,64.0,SCHEDULED,BATTERY_CAPACITY,100.0,100.0,0.0,0.0,75.0,65.0,0.0,0.0,53.9,53.8,0.0,0.0,46.7,46.7,0.0,0.0,,,,,,,,,LEAD_ACID,,91,False,,,,
6415,10.63.43.90,HOV.Manhan_RTV_NMD110,96.0,2024-03-26 20:00:01,2024-03-26 21:03:03,63.0,SCHEDULED,BATTERY_VOLTAGE,100.0,100.0,0.0,0.0,75.0,65.0,0.0,0.0,54.3,54.2,0.0,0.0,46.5,46.4,0.0,0.0,,,,,,,,,LEAD_ACID,,92,False,,,,
6414,10.63.43.90,HOV.Manhan_RTV_NMD110,97.0,2024-03-28 20:00:00,2024-03-28 21:04:32,64.0,SCHEDULED,BATTERY_CAPACITY,100.0,100.0,0.0,0.0,75.0,65.0,0.0,0.0,53.9,53.8,0.0,0.0,46.6,46.6,0.0,0.0,,,,,,,,,LEAD_ACID,,93,False,,,,
6413,10.63.43.90,HOV.Manhan_RTV_NMD110,98.0,2024-03-30 20:00:01,2024-03-30 21:08:20,68.0,SCHEDULED,BATTERY_CAPACITY,100.0,100.0,0.0,0.0,75.0,65.0,0.0,0.0,54.1,54.0,0.0,0.0,46.5,46.5,0.0,0.0,,,,,,,,,LEAD_ACID,,94,False,,,,
6412,10.63.43.90,HOV.Manhan_RTV_NMD110,99.0,2024-04-01 20:00:01,2024-04-01 21:08:14,68.0,SCHEDULED,BATTERY_CAPACITY,100.0,100.0,0.0,0.0,76.0,65.0,0.0,0.0,53.9,53.8,0.0,0.0,46.7,46.7,0.0,0.0,,,,,,,,,LEAD_ACID,,95,False,,,,
6411,10.63.43.90,HOV.Manhan_RTV_NMD110,100.0,2024-04-03 20:00:01,2024-04-03 21:07:21,67.0,SCHEDULED,BATTERY_CAPACITY,100.0,100.0,0.0,0.0,75.0,65.0,0.0,0.0,54.2,54.2,0.0,0.0,46.7,46.7,0.0,0.0,,,,,,,,,LEAD_ACID,,96,False,,,,
6410,10.63.43.90,HOV.Manhan_RTV_NMD110,101.0,2024-04-05 20:00:01,2024-04-05 21:06:39,66.0,SCHEDULED,BATTERY_VOLTAGE,100.0,100.0,0.0,0.0,76.0,65.0,0.0,0.0,54.2,54.1,0.0,0.0,46.4,46.4,0.0,0.0,,,,,,,,,LEAD_ACID,,97,False,,,,
6409,10.63.43.90,HOV.Manhan_RTV_NMD110,102.0,2024-04-07 20:00:01,2024-04-07 21:01:30,61.0,SCHEDULED,BATTERY_VOLTAGE,100.0,100.0,0.0,0.0,75.0,65.0,0.0,0.0,53.7,53.7,0.0,0.0,46.4,46.3,0.0,0.0,,,,,,,,,LEAD_ACID,,98,False,,,,
6408,10.63.43.90,HOV.Manhan_RTV_NMD110,103.0,2024-04-09 20:00:01,2024-04-09 21:04:04,64.0,SCHEDULED,BATTERY_VOLTAGE,100.0,100.0,0.0,0.0,75.0,65.0,0.0,0.0,53.9,53.8,0.0,0.0,46.6,46.5,0.0,0.0,,,,,,,,,LEAD_ACID,,99,False,,,,
6407,10.63.43.90,HOV.Manhan_RTV_NMD110,104.0,2024-04-11 20:00:01,2024-04-11 21:01:59,61.0,SCHEDULED,BATTERY_VOLTAGE,100.0,100.0,0.0,0.0,75.0,66.0,0.0,0.0,54.1,54.0,0.0,0.0,46.5,46.5,0.0,0.0,,,,,,,,,LEAD_ACID,,100,False,,,,
6406,10.63.43.90,HOV.Manhan_RTV_NMD110,105.0,2024-04-13 20:00:01,2024-04-13 21:09:12,69.0,SCHEDULED,BATTERY_CAPACITY,100.0,100.0,0.0,0.0,76.0,65.0,0.0,0.0,53.8,53.8,0.0,0.0,46.9,46.9,0.0,0.0,,,,,,,,,LEAD_ACID,,101,False,,,,
6405,10.63.43.90,HOV.Manhan_RTV_NMD110,106.0,2024-04-15 20:00:01,2024-04-15 21:01:04,61.0,SCHEDULED,BATTERY_VOLTAGE,100.0,100.0,0.0,0.0,76.0,66.0,0.0,0.0,53.9,53.8,0.0,0.0,46.4,46.4,0.0,0.0,,,,,,,,,LEAD_ACID,,102,False,,,,
6404,10.63.43.90,HOV.Manhan_RTV_NMD110,107.0,2024-04-17 20:00:01,2024-04-17 21:03:58,63.0,SCHEDULED,BATTERY_VOLTAGE,100.0,100.0,0.0,0.0,75.0,65.0,0.0,0.0,54.3,54.2,0.0,0.0,46.6,46.6,0.0,0.0,,,,,,,,,LEAD_ACID,,103,False,,,,
6403,10.63.43.90,HOV.Manhan_RTV_NMD110,108.0,2024-04-19 20:00:01,2024-04-19 21:02:52,62.0,SCHEDULED,BATTERY_VOLTAGE,100.0,100.0,0.0,0.0,76.0,66.0,0.0,0.0,53.9,53.8,0.0,0.0,46.4,46.3,0.0,0.0,,,,,,,,,LEAD_ACID,,104,False,,,,
6402,10.63.43.90,HOV.Manhan_RTV_NMD110,109.0,2024-04-21 20:00:01,2024-04-21 21:05:49,65.0,SCHEDULED,BATTERY_CAPACITY,100.0,100.0,0.0,0.0,76.0,65.0,0.0,0.0,53.8,53.6,0.0,0.0,46.5,46.5,0.0,0.0,,,,,,,,,LEAD_ACID,,105,False,,,,
6401,10.63.43.90,HOV.Manhan_RTV_NMD110,110.0,2024-04-23 20:00:01,2024-04-23 21:00:40,60.0,SCHEDULED,BATTERY_VOLTAGE,100.0,100.0,0.0,0.0,76.0,66.0,0.0,0.0,53.9,53.8,0.0,0.0,46.4,46.4,0.0,0.0,,,,,,,,,LEAD_ACID,,106,False,,,,
6400,10.63.43.90,HOV.Manhan_RTV_NMD110,111.0,2024-04-26 00:03:21,2024-04-26 01:15:49,72.0,SCHEDULED,BATTERY_VOLTAGE,100.0,100.0,0.0,0.0,83.0,72.0,0.0,0.0,56.3,56.3,0.0,0.0,48.6,48.5,0.0,0.0,,,,,,,,,LEAD_ACID,,107,False,,,,
6399,10.63.43.90,HOV.Manhan_RTV_NMD110,112.0,2024-04-28 20:00:01,2024-04-28 20:44:54,44.0,SCHEDULED,BATTERY_VOLTAGE,100.0,100.0,0.0,0.0,83.0,77.0,0.0,0.0,53.9,53.9,0.0,0.0,48.5,48.5,0.0,0.0,,,,,,,,,LEAD_ACID,,108,False,,,,
6398,10.63.43.90,HOV.Manhan_RTV_NMD110,113.0,2024-04-30 20:00:00,2024-04-30 20:43:38,43.0,SCHEDULED,BATTERY_VOLTAGE,100.0,100.0,0.0,0.0,83.0,78.0,0.0,0.0,53.8,53.7,0.0,0.0,48.5,48.5,0.0,0.0,,,,,,,,,LEAD_ACID,,109,False,,,,
6397,10.63.43.90,HOV.Manhan_RTV_NMD110,114.0,2024-05-02 20:00:01,2024-05-02 20:43:48,43.0,SCHEDULED,BATTERY_VOLTAGE,100.0,100.0,0.0,0.0,82.0,78.0,0.0,0.0,54.3,54.2,0.0,0.0,48.6,48.5,0.0,0.0,,,,,,,,,LEAD_ACID,,110,False,,,,
6396,10.63.43.90,HOV.Manhan_RTV_NMD110,115.0,2024-05-04 20:00:01,2024-05-04 20:50:07,50.0,SCHEDULED,BATTERY_VOLTAGE,100.0,100.0,0.0,0.0,82.0,78.0,0.0,0.0,54.3,54.2,0.0,0.0,48.5,48.5,0.0,0.0,,,,,,,,,LEAD_ACID,,111,False,,,,
6395,10.63.43.90,HOV.Manhan_RTV_NMD110,116.0,2024-05-06 20:00:01,2024-05-06 20:46:27,46.0,SCHEDULED,BATTERY_VOLTAGE,100.0,100.0,0.0,0.0,82.0,78.0,0.0,0.0,53.9,53.7,0.0,0.0,48.6,48.5,0.0,0.0,,,,,,,,,LEAD_ACID,,112,False,,,,
6394,10.63.43.90,HOV.Manhan_RTV_NMD110,117.0,2024-05-08 20:00:01,2024-05-08 20:44:48,44.0,SCHEDULED,BATTERY_VOLTAGE,100.0,100.0,0.0,0.0,82.0,78.0,0.0,0.0,54.0,53.9,0.0,0.0,48.4,48.4,0.0,0.0,,,,,,,,,LEAD_ACID,,113,False,,,,
6393,10.63.43.90,HOV.Manhan_RTV_NMD110,118.0,2024-05-10 20:00:01,2024-05-10 20:45:33,45.0,SCHEDULED,BATTERY_VOLTAGE,100.0,100.0,0.0,0.0,82.0,79.0,0.0,0.0,53.8,53.7,0.0,0.0,48.5,48.4,0.0,0.0,,,,,,,,,LEAD_ACID,,114,False,,,,
6392,10.63.43.90,HOV.Manhan_RTV_NMD110,119.0,2024-05-12 20:00:01,2024-05-12 20:45:31,45.0,SCHEDULED,BATTERY_VOLTAGE,100.0,100.0,0.0,0.0,82.0,79.0,0.0,0.0,53.8,53.7,0.0,0.0,48.5,48.5,0.0,0.0,,,,,,,,,LEAD_ACID,,115,False,,,,
6391,10.63.43.90,HOV.Manhan_RTV_NMD110,120.0,2024-05-14 20:00:01,2024-05-14 20:43:38,43.0,SCHEDULED,BATTERY_VOLTAGE,100.0,100.0,0.0,0.0,82.0,79.0,0.0,0.0,54.0,53.8,0.0,0.0,48.5,48.5,0.0,0.0,,,,,,,,,LEAD_ACID,,116,False,,,,
6390,10.63.43.90,HOV.Manhan_RTV_NMD110,121.0,2024-05-16 20:00:01,2024-05-16 20:44:35,44.0,SCHEDULED,BATTERY_VOLTAGE,100.0,100.0,0.0,0.0,82.0,79.0,0.0,0.0,53.8,53.7,0.0,0.0,48.5,48.5,0.0,0.0,,,,,,,,,LEAD_ACID,,117,False,,,,
6389,10.63.43.90,HOV.Manhan_RTV_NMD110,122.0,2024-05-18 20:00:01,2024-05-18 20:44:39,44.0,SCHEDULED,BATTERY_VOLTAGE,100.0,100.0,0.0,0.0,82.0,79.0,0.0,0.0,53.9,53.8,0.0,0.0,48.4,48.4,0.0,0.0,,,,,,,,,LEAD_ACID,,118,False,,,,
6388,10.63.43.90,HOV.Manhan_RTV_NMD110,123.0,2024-05-20 20:00:01,2024-05-20 20:42:47,42.0,SCHEDULED,BATTERY_VOLTAGE,100.0,100.0,0.0,0.0,82.0,80.0,0.0,0.0,53.9,53.8,0.0,0.0,48.5,48.4,0.0,0.0,,,,,,,,,LEAD_ACID,,119,False,,,,
6387,10.63.43.90,HOV.Manhan_RTV_NMD110,124.0,2024-05-22 20:00:01,2024-05-22 20:46:03,46.0,SCHEDULED,BATTERY_VOLTAGE,100.0,100.0,0.0,0.0,82.0,79.0,0.0,0.0,54.3,54.2,0.0,0.0,48.5,48.4,0.0,0.0,,,,,,,,,LEAD_ACID,,120,False,,,,
6386,10.63.43.90,HOV.Manhan_RTV_NMD110,125.0,2024-05-24 20:00:01,2024-05-24 20:44:46,44.0,SCHEDULED,BATTERY_VOLTAGE,100.0,100.0,0.0,0.0,82.0,80.0,0.0,0.0,54.2,54.1,0.0,0.0,48.4,48.4,0.0,0.0,,,,,,,,,LEAD_ACID,,121,False,,,,
6385,10.63.43.90,HOV.Manhan_RTV_NMD110,126.0,2024-05-26 20:00:01,2024-05-26 20:45:19,45.0,SCHEDULED,BATTERY_VOLTAGE,100.0,100.0,0.0,0.0,82.0,80.0,0.0,0.0,54.0,53.8,0.0,0.0,48.5,48.5,0.0,0.0,,,,,,,,,LEAD_ACID,,122,False,,,,
6384,10.63.43.90,HOV.Manhan_RTV_NMD110,127.0,2024-05-28 20:00:00,2024-05-28 20:40:34,40.0,SCHEDULED,BATTERY_VOLTAGE,100.0,100.0,0.0,0.0,83.0,80.0,0.0,0.0,53.8,53.7,0.0,0.0,48.4,48.4,0.0,0.0,,,,,,,,,LEAD_ACID,,123,False,,,,
6383,10.63.43.90,HOV.Manhan_RTV_NMD110,128.0,2024-05-30 20:00:01,2024-05-30 20:41:47,41.0,SCHEDULED,BATTERY_VOLTAGE,100.0,100.0,0.0,0.0,83.0,81.0,0.0,0.0,54.1,54.0,0.0,0.0,48.5,48.5,0.0,0.0,,,,,,,,,LEAD_ACID,,124,False,,,,
6382,10.63.43.90,HOV.Manhan_RTV_NMD110,129.0,2024-06-01 20:00:01,2024-06-01 20:39:00,38.0,SCHEDULED,BATTERY_VOLTAGE,100.0,100.0,0.0,0.0,83.0,81.0,0.0,0.0,54.3,54.3,0.0,0.0,48.6,48.5,0.0,0.0,,,,,,,,,LEAD_ACID,,125,False,,,,
6381,10.63.43.90,HOV.Manhan_RTV_NMD110,130.0,2024-06-03 20:00:01,2024-06-03 20:40:00,39.0,SCHEDULED,BATTERY_VOLTAGE,100.0,100.0,0.0,0.0,83.0,81.0,0.0,0.0,53.9,53.9,0.0,0.0,48.6,48.5,0.0,0.0,,,,,,,,,LEAD_ACID,,126,False,,,,
6379,10.63.43.90,HOV.Manhan_RTV_NMD110,132.0,2024-06-07 20:00:01,2024-06-07 20:37:31,37.0,SCHEDULED,BATTERY_VOLTAGE,100.0,100.0,0.0,0.0,83.0,82.0,0.0,0.0,53.7,53.6,0.0,0.0,48.4,48.4,0.0,0.0,,,,,,,,,LEAD_ACID,,127,False,,,,
6378,10.63.43.90,HOV.Manhan_RTV_NMD110,133.0,2024-06-09 20:00:01,2024-06-09 20:41:32,41.0,SCHEDULED,BATTERY_VOLTAGE,100.0,100.0,0.0,0.0,82.0,81.0,0.0,0.0,54.3,54.3,0.0,0.0,48.4,48.4,0.0,0.0,,,,,,,,,LEAD_ACID,,128,False,,,,
6377,10.63.43.90,HOV.Manhan_RTV_NMD110,134.0,2024-06-11 20:00:01,2024-06-11 20:40:26,40.0,SCHEDULED,BATTERY_VOLTAGE,100.0,100.0,0.0,0.0,82.0,81.0,0.0,0.0,54.0,53.8,0.0,0.0,48.4,48.4,0.0,0.0,,,,,,,,,LEAD_ACID,,129,False,,,,
6376,10.63.43.90,HOV.Manhan_RTV_NMD110,135.0,2024-06-13 20:00:01,2024-06-13 20:41:21,41.0,SCHEDULED,BATTERY_VOLTAGE,100.0,100.0,0.0,0.0,83.0,81.0,0.0,0.0,53.9,53.8,0.0,0.0,48.5,48.5,0.0,0.0,,,,,,,,,LEAD_ACID,,130,False,,,,
6375,10.63.43.90,HOV.Manhan_RTV_NMD110,136.0,2024-06-15 20:00:01,2024-06-15 20:44:17,44.0,SCHEDULED,BATTERY_VOLTAGE,100.0,100.0,0.0,0.0,82.0,80.0,0.0,0.0,54.3,54.2,0.0,0.0,48.4,48.4,0.0,0.0,,,,,,,,,LEAD_ACID,,131,False,,,,
6374,10.63.43.90,HOV.Manhan_RTV_NMD110,137.0,2024-06-17 20:00:01,2024-06-17 20:40:25,40.0,SCHEDULED,BATTERY_VOLTAGE,100.0,100.0,0.0,0.0,83.0,81.0,0.0,0.0,54.1,54.1,0.0,0.0,48.4,48.4,0.0,0.0,,,,,,,,,LEAD_ACID,,132,False,,,,
6372,10.63.43.90,HOV.Manhan_RTV_NMD110,139.0,2024-06-21 20:00:01,2024-06-21 20:42:02,42.0,SCHEDULED,BATTERY_VOLTAGE,100.0,100.0,0.0,0.0,83.0,81.0,0.0,0.0,53.8,53.8,0.0,0.0,48.4,48.4,0.0,0.0,,,,,,,,,LEAD_ACID,,133,False,,,,
6371,10.63.43.90,HOV.Manhan_RTV_NMD110,140.0,2024-06-23 20:00:00,2024-06-23 20:41:31,41.0,SCHEDULED,BATTERY_VOLTAGE,100.0,100.0,0.0,0.0,83.0,81.0,0.0,0.0,53.9,53.8,0.0,0.0,48.5,48.5,0.0,0.0,,,,,,,,,LEAD_ACID,,134,False,,,,
6370,10.63.43.90,HOV.Manhan_RTV_NMD110,141.0,2024-06-25 20:00:01,2024-06-25 20:40:25,40.0,SCHEDULED,BATTERY_VOLTAGE,100.0,100.0,0.0,0.0,84.0,82.0,0.0,0.0,53.8,53.7,0.0,0.0,48.4,48.4,0.0,0.0,,,,,,,,,LEAD_ACID,,135,False,,,,
6369,10.63.43.90,HOV.Manhan_RTV_NMD110,142.0,2024-06-27 20:00:01,2024-06-27 20:40:24,40.0,SCHEDULED,BATTERY_VOLTAGE,100.0,100.0,0.0,0.0,84.0,82.0,0.0,0.0,54.1,53.9,0.0,0.0,48.4,48.4,0.0,0.0,,,,,,,,,LEAD_ACID,,136,False,,,,
6368,10.63.43.90,HOV.Manhan_RTV_NMD110,143.0,2024-06-29 20:00:01,2024-06-29 20:38:34,38.0,SCHEDULED,BATTERY_VOLTAGE,100.0,100.0,0.0,0.0,84.0,82.0,0.0,0.0,54.3,54.2,0.0,0.0,48.5,48.4,0.0,0.0,,,,,,,,,LEAD_ACID,,137,False,,,,
6367,10.63.43.90,HOV.Manhan_RTV_NMD110,144.0,2024-07-01 20:00:01,2024-07-01 20:39:25,39.0,SCHEDULED,BATTERY_VOLTAGE,100.0,100.0,0.0,0.0,84.0,82.0,0.0,0.0,54.2,54.2,0.0,0.0,48.5,48.4,0.0,0.0,,,,,,,,,LEAD_ACID,,138,False,,,,
6366,10.63.43.90,HOV.Manhan_RTV_NMD110,145.0,2024-07-03 20:00:01,2024-07-03 20:39:39,39.0,SCHEDULED,BATTERY_VOLTAGE,100.0,100.0,0.0,0.0,84.0,82.0,0.0,0.0,53.9,53.8,0.0,0.0,48.4,48.4,0.0,0.0,,,,,,,,,LEAD_ACID,,139,False,,,,
6365,10.63.43.90,HOV.Manhan_RTV_NMD110,146.0,2024-07-05 20:00:00,2024-07-05 20:39:15,39.0,SCHEDULED,BATTERY_VOLTAGE,100.0,100.0,0.0,0.0,84.0,82.0,0.0,0.0,54.4,54.3,0.0,0.0,48.5,48.5,0.0,0.0,,,,,,,,,LEAD_ACID,,140,False,,,,
6364,10.63.43.90,HOV.Manhan_RTV_NMD110,147.0,2024-07-07 20:00:01,2024-07-07 20:40:26,40.0,SCHEDULED,BATTERY_VOLTAGE,100.0,100.0,0.0,0.0,84.0,82.0,0.0,0.0,53.8,53.7,0.0,0.0,48.4,48.4,0.0,0.0,,,,,,,,,LEAD_ACID,,141,False,,,,
6363,10.63.43.90,HOV.Manhan_RTV_NMD110,148.0,2024-07-09 20:00:01,2024-07-09 20:39:42,39.0,SCHEDULED,BATTERY_VOLTAGE,100.0,100.0,0.0,0.0,84.0,82.0,0.0,0.0,53.8,53.7,0.0,0.0,48.5,48.4,0.0,0.0,,,,,,,,,LEAD_ACID,,142,False,,,,
6362,10.63.43.90,HOV.Manhan_RTV_NMD110,149.0,2024-07-11 20:00:01,2024-07-11 20:38:43,38.0,SCHEDULED,BATTERY_VOLTAGE,100.0,100.0,0.0,0.0,84.0,82.0,0.0,0.0,54.3,54.3,0.0,0.0,48.5,48.5,0.0,0.0,,,,,,,,,LEAD_ACID,,143,False,,,,
6361,10.63.43.90,HOV.Manhan_RTV_NMD110,150.0,2024-07-13 20:00:01,2024-07-13 20:41:57,41.0,SCHEDULED,BATTERY_VOLTAGE,100.0,100.0,0.0,0.0,84.0,82.0,0.0,0.0,53.8,53.7,0.0,0.0,48.4,48.4,0.0,0.0,,,,,,,,,LEAD_ACID,,144,False,,,,
6360,10.63.43.90,HOV.Manhan_RTV_NMD110,151.0,2024-07-15 20:00:01,2024-07-15 20:41:11,41.0,SCHEDULED,BATTERY_VOLTAGE,100.0,100.0,0.0,0.0,84.0,82.0,0.0,0.0,53.8,53.7,0.0,0.0,48.4,48.4,0.0,0.0,,,,,,,,,LEAD_ACID,,145,False,,,,
6359,10.63.43.90,HOV.Manhan_RTV_NMD110,152.0,2024-07-17 20:00:01,2024-07-17 20:39:56,39.0,SCHEDULED,BATTERY_VOLTAGE,100.0,100.0,0.0,0.0,84.0,82.0,0.0,0.0,53.8,53.7,0.0,0.0,48.5,48.4,0.0,0.0,,,,,,,,,LEAD_ACID,,146,False,,,,
6358,10.63.43.90,HOV.Manhan_RTV_NMD110,153.0,2024-07-19 20:00:01,2024-07-19 20:38:42,38.0,SCHEDULED,BATTERY_VOLTAGE,100.0,100.0,0.0,0.0,84.0,82.0,0.0,0.0,53.8,54.2,0.0,0.0,48.4,48.4,0.0,0.0,,,,,,,,,LEAD_ACID,,147,False,,,,
6357,10.63.43.90,HOV.Manhan_RTV_NMD110,154.0,2024-07-21 20:00:01,2024-07-21 20:40:33,40.0,SCHEDULED,BATTERY_VOLTAGE,100.0,100.0,0.0,0.0,84.0,82.0,0.0,0.0,53.8,53.7,0.0,0.0,48.6,48.5,0.0,0.0,,,,,,,,,LEAD_ACID,,148,False,,,,
6356,10.63.43.90,HOV.Manhan_RTV_NMD110,155.0,2024-07-23 20:00:01,2024-07-23 20:37:28,37.0,SCHEDULED,BATTERY_VOLTAGE,100.0,100.0,0.0,0.0,85.0,83.0,0.0,0.0,53.8,53.7,0.0,0.0,48.4,48.4,0.0,0.0,,,,,,,,,LEAD_ACID,,149,False,,,,
6355,10.63.43.90,HOV.Manhan_RTV_NMD110,156.0,2024-07-25 20:00:00,2024-07-25 20:38:38,38.0,SCHEDULED,BATTERY_VOLTAGE,100.0,100.0,0.0,0.0,84.0,82.0,0.0,0.0,53.8,53.8,0.0,0.0,48.5,48.5,0.0,0.0,,,,,,,,,LEAD_ACID,,150,False,,,,
6354,10.63.43.90,HOV.Manhan_RTV_NMD110,157.0,2024-07-27 20:00:01,2024-07-27 20:39:02,39.0,SCHEDULED,BATTERY_VOLTAGE,100.0,100.0,0.0,0.0,85.0,83.0,0.0,0.0,54.3,54.2,0.0,0.0,48.5,48.5,0.0,0.0,,,,,,,,,LEAD_ACID,,151,False,,,,
6353,10.63.43.90,HOV.Manhan_RTV_NMD110,158.0,2024-07-29 20:00:00,2024-07-29 20:37:19,37.0,SCHEDULED,BATTERY_VOLTAGE,100.0,100.0,0.0,0.0,84.0,83.0,0.0,0.0,53.8,53.8,0.0,0.0,48.5,48.6,0.0,0.0,,,,,,,,,LEAD_ACID,,152,False,,,,
6352,10.63.43.90,HOV.Manhan_RTV_NMD110,159.0,2024-07-31 20:00:00,2024-07-31 20:40:22,40.0,SCHEDULED,BATTERY_VOLTAGE,100.0,100.0,0.0,0.0,85.0,83.0,0.0,0.0,54.0,53.9,0.0,0.0,48.5,48.4,0.0,0.0,,,,,,,,,LEAD_ACID,,153,False,,,,
6351,10.63.43.90,HOV.Manhan_RTV_NMD110,160.0,2024-08-02 20:00:01,2024-08-02 20:41:38,41.0,SCHEDULED,BATTERY_VOLTAGE,100.0,100.0,0.0,0.0,84.0,82.0,0.0,0.0,54.2,54.1,0.0,0.0,48.5,48.5,0.0,0.0,,,,,,,,,LEAD_ACID,,154,False,,,,
6350,10.63.43.90,HOV.Manhan_RTV_NMD110,161.0,2024-08-04 20:00:01,2024-08-04 20:43:13,43.0,SCHEDULED,BATTERY_VOLTAGE,100.0,100.0,0.0,0.0,84.0,82.0,0.0,0.0,53.9,53.8,0.0,0.0,48.5,48.5,0.0,0.0,,,,,,,,,LEAD_ACID,,155,False,,,,
6349,10.63.43.90,HOV.Manhan_RTV_NMD110,162.0,2024-08-06 20:00:01,2024-08-06 20:40:51,40.0,SCHEDULED,BATTERY_VOLTAGE,100.0,100.0,0.0,0.0,84.0,83.0,0.0,0.0,53.7,53.6,0.0,0.0,48.5,48.4,0.0,0.0,,,,,,,,,LEAD_ACID,,156,False,,,,
6348,10.63.43.90,HOV.Manhan_RTV_NMD110,163.0,2024-08-08 20:00:01,2024-08-08 20:37:54,37.0,SCHEDULED,BATTERY_VOLTAGE,100.0,100.0,0.0,0.0,84.0,83.0,0.0,0.0,54.0,53.8,0.0,0.0,48.4,48.4,0.0,0.0,,,,,,,,,LEAD_ACID,,157,False,,,,
6347,10.63.43.90,HOV.Manhan_RTV_NMD110,164.0,2024-08-10 20:00:01,2024-08-10 20:39:40,39.0,SCHEDULED,BATTERY_VOLTAGE,100.0,100.0,0.0,0.0,84.0,82.0,0.0,0.0,54.1,53.9,0.0,0.0,48.4,48.3,0.0,0.0,,,,,,,,,LEAD_ACID,,158,False,,,,
6346,10.63.43.90,HOV.Manhan_RTV_NMD110,165.0,2024-08-12 20:00:01,2024-08-12 20:38:12,38.0,SCHEDULED,BATTERY_VOLTAGE,100.0,100.0,0.0,0.0,85.0,83.0,0.0,0.0,54.3,54.2,0.0,0.0,48.5,48.5,0.0,0.0,,,,,,,,,LEAD_ACID,,159,False,,,,
6345,10.63.43.90,HOV.Manhan_RTV_NMD110,166.0,2024-08-14 20:00:01,2024-08-14 20:38:45,38.0,SCHEDULED,BATTERY_VOLTAGE,100.0,100.0,0.0,0.0,84.0,82.0,0.0,0.0,53.9,53.9,0.0,0.0,48.5,48.4,0.0,0.0,,,,,,,,,LEAD_ACID,,160,False,,,,
6344,10.63.43.90,HOV.Manhan_RTV_NMD110,167.0,2024-08-16 20:00:01,2024-08-16 20:38:42,38.0,SCHEDULED,BATTERY_VOLTAGE,100.0,100.0,0.0,0.0,84.0,83.0,0.0,0.0,54.0,53.9,0.0,0.0,48.5,48.4,0.0,0.0,,,,,,,,,LEAD_ACID,,161,False,,,,
6343,10.63.43.90,HOV.Manhan_RTV_NMD110,168.0,2024-08-18 20:00:01,2024-08-18 20:35:44,35.0,SCHEDULED,BATTERY_VOLTAGE,100.0,100.0,0.0,0.0,84.0,83.0,0.0,0.0,53.8,53.8,0.0,0.0,48.5,48.4,0.0,0.0,,,,,,,,,LEAD_ACID,,162,False,,,,
6342,10.63.43.90,HOV.Manhan_RTV_NMD110,169.0,2024-08-20 20:00:01,2024-08-20 20:38:39,38.0,SCHEDULED,BATTERY_VOLTAGE,100.0,100.0,0.0,0.0,85.0,83.0,0.0,0.0,54.0,53.9,0.0,0.0,48.5,48.5,0.0,0.0,,,,,,,,,LEAD_ACID,,163,False,,,,
6341,10.63.43.90,HOV.Manhan_RTV_NMD110,170.0,2024-08-22 20:00:01,2024-08-22 20:35:40,35.0,SCHEDULED,BATTERY_VOLTAGE,100.0,100.0,0.0,0.0,85.0,83.0,0.0,0.0,54.2,54.1,0.0,0.0,48.4,48.4,0.0,0.0,,,,,,,,,LEAD_ACID,,164,False,,,,
6340,10.63.43.90,HOV.Manhan_RTV_NMD110,171.0,2024-08-24 20:00:01,2024-08-24 20:38:09,38.0,SCHEDULED,BATTERY_VOLTAGE,100.0,100.0,0.0,0.0,85.0,83.0,0.0,0.0,53.9,53.8,0.0,0.0,48.4,48.4,0.0,0.0,,,,,,,,,LEAD_ACID,,165,False,,,,
6338,10.63.43.90,HOV.Manhan_RTV_NMD110,173.0,2024-08-28 20:00:01,2024-08-28 20:37:40,37.0,SCHEDULED,BATTERY_VOLTAGE,100.0,100.0,0.0,0.0,84.0,83.0,0.0,0.0,53.8,53.8,0.0,0.0,48.5,48.4,0.0,0.0,,,,,,,,,LEAD_ACID,,166,False,,,,
6337,10.63.43.90,HOV.Manhan_RTV_NMD110,174.0,2024-08-30 20:00:01,2024-08-30 20:39:37,39.0,SCHEDULED,BATTERY_VOLTAGE,100.0,100.0,0.0,0.0,84.0,82.0,0.0,0.0,54.1,54.0,0.0,0.0,48.5,48.4,0.0,0.0,,,,,,,,,LEAD_ACID,,167,False,,,,
6336,10.63.43.90,HOV.Manhan_RTV_NMD110,175.0,2024-09-01 20:00:01,2024-09-01 20:38:21,38.0,SCHEDULED,BATTERY_VOLTAGE,100.0,100.0,0.0,0.0,84.0,83.0,0.0,0.0,53.8,54.3,0.0,0.0,48.6,48.6,0.0,0.0,,,,,,,,,LEAD_ACID,,168,False,,,,
6335,10.63.43.90,HOV.Manhan_RTV_NMD110,176.0,2024-09-03 20:00:00,2024-09-03 20:35:15,35.0,SCHEDULED,BATTERY_VOLTAGE,100.0,100.0,0.0,0.0,84.0,83.0,0.0,0.0,53.7,53.6,0.0,0.0,48.5,48.5,0.0,0.0,,,,,,,,,LEAD_ACID,,169,False,,,,
6334,10.63.43.90,HOV.Manhan_RTV_NMD110,177.0,2024-09-05 20:00:01,2024-09-05 20:36:07,36.0,SCHEDULED,BATTERY_VOLTAGE,100.0,100.0,0.0,0.0,84.0,83.0,0.0,0.0,54.2,54.1,0.0,0.0,48.5,48.5,0.0,0.0,,,,,,,,,LEAD_ACID,,170,False,,,,
6333,10.63.43.90,HOV.Manhan_RTV_NMD110,178.0,2024-09-07 20:00:01,2024-09-07 20:35:01,35.0,SCHEDULED,BATTERY_VOLTAGE,100.0,100.0,0.0,0.0,84.0,83.0,0.0,0.0,53.9,53.9,0.0,0.0,48.5,48.5,0.0,0.0,,,,,,,,,LEAD_ACID,,171,False,,,,
6332,10.63.43.90,HOV.Manhan_RTV_NMD110,179.0,2024-09-09 20:00:01,2024-09-09 20:35:14,35.0,SCHEDULED,BATTERY_VOLTAGE,100.0,100.0,0.0,0.0,85.0,84.0,0.0,0.0,54.2,54.0,0.0,0.0,48.5,48.4,0.0,0.0,,,,,,,,,LEAD_ACID,,172,False,,,,
6331,10.63.43.90,HOV.Manhan_RTV_NMD110,180.0,2024-09-11 23:42:51,2024-09-12 01:20:03,97.0,SCHEDULED,BATTERY_CAPACITY,100.0,100.0,0.0,0.0,72.0,65.0,0.0,0.0,56.4,56.3,0.0,0.0,49.5,49.4,0.0,0.0,,,,,,,,,LEAD_ACID,,173,False,,,,
6330,10.63.43.90,HOV.Manhan_RTV_NMD110,181.0,2024-09-13 20:00:01,2024-09-13 20:53:00,52.0,SCHEDULED,BATTERY_VOLTAGE,100.0,100.0,0.0,0.0,78.0,75.0,0.0,0.0,54.2,54.2,0.0,0.0,48.4,48.4,0.0,0.0,,,,,,,,,LEAD_ACID,,174,False,,,,
6328,10.63.43.90,HOV.Manhan_RTV_NMD110,183.0,2024-09-17 20:00:00,2024-09-17 20:43:58,43.0,SCHEDULED,BATTERY_VOLTAGE,100.0,100.0,0.0,0.0,80.0,79.0,0.0,0.0,53.9,53.8,0.0,0.0,48.4,48.4,0.0,0.0,,,,,,,,,LEAD_ACID,,175,False,,,,
6326,10.63.43.90,HOV.Manhan_RTV_NMD110,185.0,2024-09-21 20:00:01,2024-09-21 20:39:23,39.0,SCHEDULED,BATTERY_VOLTAGE,100.0,100.0,0.0,0.0,82.0,81.0,0.0,0.0,53.8,53.7,0.0,0.0,48.5,48.5,0.0,0.0,,,,,,,,,LEAD_ACID,,176,False,,,,
6325,10.63.43.90,HOV.Manhan_RTV_NMD110,186.0,2024-09-23 20:00:01,2024-09-23 20:39:32,39.0,SCHEDULED,BATTERY_VOLTAGE,100.0,100.0,0.0,0.0,82.0,81.0,0.0,0.0,54.2,54.1,0.0,0.0,48.5,48.4,0.0,0.0,,,,,,,,,LEAD_ACID,,177,False,,,,
6320,10.63.43.90,HOV.Manhan_RTV_NMD110,191.0,2024-10-03 20:00:01,2024-10-03 20:33:07,33.0,SCHEDULED,BATTERY_VOLTAGE,100.0,100.0,0.0,0.0,85.0,84.0,0.0,0.0,53.8,53.7,0.0,0.0,48.6,48.5,0.0,0.0,,,,,,,,,LEAD_ACID,,178,False,,,,
6319,10.63.43.90,HOV.Manhan_RTV_NMD110,192.0,2024-10-05 20:00:01,2024-10-05 20:33:30,33.0,SCHEDULED,BATTERY_VOLTAGE,100.0,100.0,0.0,0.0,85.0,84.0,0.0,0.0,53.6,53.5,0.0,0.0,48.5,48.5,0.0,0.0,,,,,,,,,LEAD_ACID,,179,False,,,,
6317,10.63.43.90,HOV.Manhan_RTV_NMD110,194.0,2024-10-09 20:00:00,2024-10-09 20:34:06,34.0,SCHEDULED,BATTERY_VOLTAGE,100.0,100.0,0.0,0.0,85.0,84.0,0.0,0.0,53.5,53.4,0.0,0.0,48.5,48.5,0.0,0.0,,,,,,,,,LEAD_ACID,,180,False,,,,
6316,10.63.43.90,HOV.Manhan_RTV_NMD110,195.0,2024-10-11 20:00:01,2024-10-11 20:33:28,33.0,SCHEDULED,BATTERY_VOLTAGE,100.0,100.0,0.0,0.0,85.0,84.0,0.0,0.0,53.6,53.5,0.0,0.0,48.4,48.4,0.0,0.0,,,,,,,,,LEAD_ACID,,181,False,,,,
6313,10.63.43.90,HOV.Manhan_RTV_NMD110,198.0,2024-10-17 20:00:01,2024-10-17 20:29:41,29.0,SCHEDULED,BATTERY_VOLTAGE,100.0,100.0,0.0,0.0,85.0,86.0,0.0,0.0,54.0,53.9,0.0,0.0,48.5,48.5,0.0,0.0,,,,,,,,,LEAD_ACID,,182,False,,,,
6312,10.63.43.90,HOV.Manhan_RTV_NMD110,199.0,2024-10-19 20:00:01,2024-10-19 20:30:31,30.0,SCHEDULED,BATTERY_VOLTAGE,100.0,100.0,0.0,0.0,86.0,86.0,0.0,0.0,54.2,54.1,0.0,0.0,48.6,48.5,0.0,0.0,,,,,,,,,LEAD_ACID,,183,False,,,,
6310,10.63.43.90,HOV.Manhan_RTV_NMD110,201.0,2024-10-23 20:00:01,2024-10-23 20:29:05,29.0,SCHEDULED,BATTERY_VOLTAGE,100.0,100.0,0.0,0.0,86.0,86.0,0.0,0.0,53.9,53.8,0.0,0.0,48.5,48.4,0.0,0.0,,,,,,,,,LEAD_ACID,,184,False,,,,
6309,10.63.43.90,HOV.Manhan_RTV_NMD110,202.0,2024-10-25 20:00:01,2024-10-25 20:26:20,26.0,SCHEDULED,BATTERY_VOLTAGE,100.0,100.0,0.0,0.0,87.0,87.0,0.0,0.0,53.8,53.7,0.0,0.0,48.4,48.4,0.0,0.0,,,,,,,,,LEAD_ACID,,185,False,,,,
6308,10.63.43.90,HOV.Manhan_RTV_NMD110,203.0,2024-10-27 20:00:01,2024-10-27 20:26:55,26.0,SCHEDULED,BATTERY_VOLTAGE,100.0,100.0,0.0,0.0,87.0,87.0,0.0,0.0,54.4,54.2,0.0,0.0,48.4,48.4,0.0,0.0,,,,,,,,,LEAD_ACID,,186,False,,,,
6306,10.63.43.90,HOV.Manhan_RTV_NMD110,205.0,2024-10-31 20:00:01,2024-10-31 20:28:11,28.0,SCHEDULED,BATTERY_VOLTAGE,100.0,100.0,0.0,0.0,87.0,87.0,0.0,0.0,53.8,53.7,0.0,0.0,48.6,48.5,0.0,0.0,,,,,,,,,LEAD_ACID,,187,False,,,,
6305,10.63.43.90,HOV.Manhan_RTV_NMD110,206.0,2024-11-02 20:00:01,2024-11-02 20:28:03,28.0,SCHEDULED,BATTERY_VOLTAGE,100.0,100.0,0.0,0.0,87.0,87.0,0.0,0.0,54.0,53.9,0.0,0.0,48.6,48.5,0.0,0.0,,,,,,,,,LEAD_ACID,,188,False,,,,
6304,10.63.43.90,HOV.Manhan_RTV_NMD110,207.0,2024-11-04 20:00:01,2024-11-04 20:26:49,26.0,SCHEDULED,BATTERY_VOLTAGE,100.0,100.0,0.0,0.0,87.0,87.0,0.0,0.0,54.3,54.1,0.0,0.0,48.4,48.4,0.0,0.0,,,,,,,,,LEAD_ACID,,189,False,,,,
6302,10.63.43.90,HOV.Manhan_RTV_NMD110,209.0,2024-11-08 20:00:01,2024-11-08 20:26:04,26.0,SCHEDULED,BATTERY_VOLTAGE,100.0,100.0,0.0,0.0,88.0,88.0,0.0,0.0,53.7,53.6,0.0,0.0,48.4,48.4,0.0,0.0,,,,,,,,,LEAD_ACID,,190,False,,,,
6301,10.63.43.90,HOV.Manhan_RTV_NMD110,210.0,2024-11-10 20:00:01,2024-11-10 20:26:23,26.0,SCHEDULED,BATTERY_VOLTAGE,100.0,100.0,0.0,0.0,88.0,88.0,0.0,0.0,53.7,53.6,0.0,0.0,48.5,48.5,0.0,0.0,,,,,,,,,LEAD_ACID,,191,False,,,,
6298,10.63.43.90,HOV.Manhan_RTV_NMD110,213.0,2024-11-16 20:00:01,2024-11-16 20:26:13,26.0,SCHEDULED,BATTERY_VOLTAGE,100.0,100.0,0.0,0.0,88.0,88.0,0.0,0.0,53.6,53.5,0.0,0.0,48.5,48.4,0.0,0.0,,,,,,,,,LEAD_ACID,,192,False,,,,
6295,10.63.43.90,HOV.Manhan_RTV_NMD110,216.0,2024-11-22 20:00:01,2024-11-22 20:26:23,26.0,SCHEDULED,BATTERY_VOLTAGE,100.0,100.0,0.0,0.0,88.0,88.0,0.0,0.0,54.0,53.9,0.0,0.0,48.5,48.5,0.0,0.0,,,,,,,,,LEAD_ACID,,193,False,,,,
6294,10.63.43.90,HOV.Manhan_RTV_NMD110,217.0,2024-11-24 20:00:01,2024-11-24 20:26:26,26.0,SCHEDULED,BATTERY_VOLTAGE,100.0,100.0,0.0,0.0,88.0,88.0,0.0,0.0,53.8,53.8,0.0,0.0,48.6,48.5,0.0,0.0,,,,,,,,,LEAD_ACID,,194,False,,,,
6292,10.63.43.90,HOV.Manhan_RTV_NMD110,219.0,2024-11-28 20:00:01,2024-11-28 20:26:06,26.0,SCHEDULED,BATTERY_VOLTAGE,100.0,100.0,0.0,0.0,88.0,88.0,0.0,0.0,54.2,54.1,0.0,0.0,48.6,48.5,0.0,0.0,,,,,,,,,LEAD_ACID,,195,False,,,,
6291,10.63.43.90,HOV.Manhan_RTV_NMD110,220.0,2024-11-30 20:00:01,2024-11-30 20:27:28,27.0,SCHEDULED,BATTERY_VOLTAGE,100.0,100.0,0.0,0.0,88.0,88.0,0.0,0.0,54.0,53.8,0.0,0.0,48.6,48.5,0.0,0.0,,,,,,,,,LEAD_ACID,,196,False,,,,
6290,10.63.43.90,HOV.Manhan_RTV_NMD110,221.0,2024-12-02 20:00:01,2024-12-02 20:25:32,25.0,SCHEDULED,BATTERY_VOLTAGE,100.0,100.0,0.0,0.0,88.0,88.0,0.0,0.0,54.0,53.9,0.0,0.0,48.4,48.4,0.0,0.0,,,,,,,,,LEAD_ACID,,197,False,,,,
6289,10.63.43.90,HOV.Manhan_RTV_NMD110,222.0,2024-12-04 20:00:01,2024-12-04 20:23:43,23.0,SCHEDULED,BATTERY_VOLTAGE,100.0,100.0,0.0,0.0,89.0,89.0,0.0,0.0,54.1,54.0,0.0,0.0,48.4,48.4,0.0,0.0,,,,,,,,,LEAD_ACID,,198,False,,,,
6288,10.63.43.90,HOV.Manhan_RTV_NMD110,223.0,2024-12-06 20:00:01,2024-12-06 20:22:23,22.0,SCHEDULED,BATTERY_VOLTAGE,100.0,100.0,0.0,0.0,89.0,89.0,0.0,0.0,54.0,53.9,0.0,0.0,48.5,48.5,0.0,0.0,,,,,,,,,LEAD_ACID,,199,False,,,,
6287,10.63.43.90,HOV.Manhan_RTV_NMD110,224.0,2024-12-08 20:00:01,2024-12-08 20:22:20,22.0,SCHEDULED,BATTERY_VOLTAGE,100.0,100.0,0.0,0.0,89.0,90.0,0.0,0.0,54.2,54.1,0.0,0.0,48.5,48.5,0.0,0.0,,,,,,,,,LEAD_ACID,,200,False,,,,
6286,10.63.43.90,HOV.Manhan_RTV_NMD110,225.0,2024-12-10 20:00:01,2024-12-10 20:21:56,21.0,SCHEDULED,BATTERY_VOLTAGE,100.0,100.0,0.0,0.0,89.0,90.0,0.0,0.0,54.6,54.5,0.0,0.0,48.5,48.4,0.0,0.0,,,,,,,,,LEAD_ACID,,201,False,,,,
6285,10.63.43.90,HOV.Manhan_RTV_NMD110,226.0,2024-12-12 20:00:01,2024-12-12 20:21:07,21.0,SCHEDULED,BATTERY_VOLTAGE,100.0,100.0,0.0,0.0,90.0,90.0,0.0,0.0,54.3,54.3,0.0,0.0,48.5,48.5,0.0,0.0,,,,,,,,,LEAD_ACID,,202,False,,,,
6284,10.63.43.90,HOV.Manhan_RTV_NMD110,227.0,2024-12-14 20:00:01,2024-12-14 20:19:52,19.0,SCHEDULED,BATTERY_VOLTAGE,100.0,100.0,0.0,0.0,90.0,91.0,0.0,0.0,54.5,54.5,0.0,0.0,48.5,48.5,0.0,0.0,,,,,,,,,LEAD_ACID,,203,False,,,,
6283,10.63.43.90,HOV.Manhan_RTV_NMD110,228.0,2024-12-16 20:00:01,2024-12-16 20:18:22,18.0,SCHEDULED,BATTERY_VOLTAGE,100.0,100.0,0.0,0.0,91.0,92.0,0.0,0.0,54.9,54.7,0.0,0.0,48.4,48.4,0.0,0.0,,,,,,,,,LEAD_ACID,,204,False,,,,
6282,10.63.43.90,HOV.Manhan_RTV_NMD110,229.0,2024-12-18 20:00:01,2024-12-18 20:17:37,17.0,SCHEDULED,BATTERY_VOLTAGE,100.0,100.0,0.0,0.0,91.0,92.0,0.0,0.0,55.1,55.0,0.0,0.0,48.5,48.5,0.0,0.0,,,,,,,,,LEAD_ACID,,205,False,,,,
6281,10.63.43.90,HOV.Manhan_RTV_NMD110,230.0,2024-12-20 20:00:01,2024-12-20 20:15:41,15.0,SCHEDULED,BATTERY_VOLTAGE,100.0,100.0,0.0,0.0,92.0,92.0,0.0,0.0,55.2,55.1,0.0,0.0,48.4,48.4,0.0,0.0,,,,,,,,,LEAD_ACID,,206,False,,,,
6280,10.63.43.90,HOV.Manhan_RTV_NMD110,231.0,2024-12-23 01:14:42,2024-12-23 01:43:37,28.0,SCHEDULED,BATTERY_VOLTAGE,100.0,100.0,0.0,0.0,89.0,90.0,0.0,0.0,56.7,56.6,0.0,0.0,48.5,48.4,0.0,0.0,,,,,,,,,LEAD_ACID,,207,False,,,,
6279,10.63.43.90,HOV.Manhan_RTV_NMD110,232.0,2024-12-25 20:00:00,2024-12-25 20:18:24,18.0,SCHEDULED,BATTERY_VOLTAGE,100.0,100.0,0.0,0.0,91.0,92.0,0.0,0.0,54.8,54.7,0.0,0.0,48.4,48.4,0.0,0.0,,,,,,,,,LEAD_ACID,,208,False,,,,
6278,10.63.43.90,HOV.Manhan_RTV_NMD110,233.0,2024-12-27 20:00:01,2024-12-27 20:15:29,15.0,SCHEDULED,BATTERY_VOLTAGE,100.0,100.0,0.0,0.0,93.0,93.0,0.0,0.0,54.9,54.8,0.0,0.0,48.4,48.4,0.0,0.0,,,,,,,,,LEAD_ACID,,209,False,,,,
6276,10.63.43.90,HOV.Manhan_RTV_NMD110,235.0,2024-12-31 20:00:01,2024-12-31 20:14:42,14.0,SCHEDULED,BATTERY_VOLTAGE,100.0,100.0,0.0,0.0,92.0,93.0,0.0,0.0,54.5,54.4,0.0,0.0,48.5,48.4,0.0,0.0,,,,,,,,,LEAD_ACID,,210,False,,,,
6275,10.63.43.90,HOV.Manhan_RTV_NMD110,236.0,2025-01-02 20:00:01,2025-01-02 20:15:01,15.0,SCHEDULED,BATTERY_VOLTAGE,100.0,100.0,0.0,0.0,92.0,93.0,0.0,0.0,54.8,54.7,0.0,0.0,48.4,48.4,0.0,0.0,,,,,,,,,LEAD_ACID,,211,False,,,,
6274,10.63.43.90,HOV.Manhan_RTV_NMD110,237.0,2025-01-04 20:00:01,2025-01-04 20:15:21,15.0,SCHEDULED,BATTERY_VOLTAGE,100.0,100.0,0.0,0.0,93.0,93.0,0.0,0.0,54.6,54.5,0.0,0.0,48.4,48.3,0.0,0.0,,,,,,,,,LEAD_ACID,,212,False,,,,
6273,10.63.43.90,HOV.Manhan_RTV_NMD110,238.0,2025-01-06 20:00:00,2025-01-06 20:13:55,13.0,SCHEDULED,BATTERY_VOLTAGE,100.0,100.0,0.0,0.0,93.0,93.0,0.0,0.0,54.6,54.5,0.0,0.0,48.4,48.4,0.0,0.0,,,,,,,,,LEAD_ACID,,213,False,,,,
6272,10.63.43.90,HOV.Manhan_RTV_NMD110,239.0,2025-01-08 20:00:01,2025-01-08 20:13:32,13.0,SCHEDULED,BATTERY_VOLTAGE,100.0,100.0,0.0,0.0,93.0,94.0,0.0,0.0,55.3,55.2,0.0,0.0,48.4,48.3,0.0,0.0,,,,,,,,,LEAD_ACID,,214,False,,,,
6271,10.63.43.90,HOV.Manhan_RTV_NMD110,240.0,2025-01-10 20:00:01,2025-01-10 20:12:01,12.0,SCHEDULED,BATTERY_VOLTAGE,100.0,100.0,0.0,0.0,94.0,94.0,0.0,0.0,54.5,54.4,0.0,0.0,48.4,48.4,0.0,0.0,,,,,,,,,LEAD_ACID,,215,False,,,,
6270,10.63.43.90,HOV.Manhan_RTV_NMD110,241.0,2025-01-12 20:00:01,2025-01-12 20:12:46,12.0,SCHEDULED,BATTERY_VOLTAGE,100.0,100.0,0.0,0.0,94.0,94.0,0.0,0.0,54.8,54.8,0.0,0.0,48.4,48.4,0.0,0.0,,,,,,,,,LEAD_ACID,,216,False,,,,
6269,10.63.43.90,HOV.Manhan_RTV_NMD110,242.0,2025-01-14 20:00:02,2025-01-14 20:12:06,12.0,SCHEDULED,BATTERY_VOLTAGE,100.0,100.0,0.0,0.0,94.0,94.0,0.0,0.0,54.8,54.6,0.0,0.0,48.4,48.4,0.0,0.0,,,,,,,,,LEAD_ACID,,217,False,,,,
6268,10.63.43.90,HOV.Manhan_RTV_NMD110,243.0,2025-01-16 20:00:01,2025-01-16 20:10:37,10.0,SCHEDULED,BATTERY_VOLTAGE,100.0,100.0,0.0,0.0,96.0,95.0,0.0,0.0,54.7,54.6,0.0,0.0,48.4,48.4,0.0,0.0,,,,,,,,,LEAD_ACID,,218,False,,,,
6267,10.63.43.90,HOV.Manhan_RTV_NMD110,244.0,2025-01-18 20:00:01,2025-01-18 20:10:18,10.0,SCHEDULED,BATTERY_VOLTAGE,100.0,100.0,0.0,0.0,95.0,95.0,0.0,0.0,54.7,54.6,0.0,0.0,48.4,48.4,0.0,0.0,,,,,,,,,LEAD_ACID,,219,False,,,,
6266,10.63.43.90,HOV.Manhan_RTV_NMD110,245.0,2025-01-20 20:00:01,2025-01-20 20:10:29,10.0,SCHEDULED,BATTERY_VOLTAGE,100.0,100.0,0.0,0.0,95.0,95.0,0.0,0.0,54.3,54.3,0.0,0.0,48.4,48.4,0.0,0.0,,,,,,,,,LEAD_ACID,,220,False,,,,
6265,10.63.43.90,HOV.Manhan_RTV_NMD110,246.0,2025-01-22 20:00:00,2025-01-22 20:10:53,10.0,SCHEDULED,BATTERY_VOLTAGE,100.0,100.0,0.0,0.0,95.0,95.0,0.0,0.0,54.5,54.4,0.0,0.0,48.4,48.4,0.0,0.0,,,,,,,,,LEAD_ACID,,221,False,,,,
6264,10.63.43.90,HOV.Manhan_RTV_NMD110,247.0,2025-01-24 20:00:01,2025-01-24 20:11:49,11.0,SCHEDULED,BATTERY_VOLTAGE,100.0,100.0,0.0,0.0,95.0,94.0,0.0,0.0,54.3,54.2,0.0,0.0,48.4,48.4,0.0,0.0,,,,,,,,,LEAD_ACID,,222,False,,,,
6263,10.63.43.90,HOV.Manhan_RTV_NMD110,248.0,2025-01-26 20:00:01,2025-01-26 20:11:19,11.0,SCHEDULED,BATTERY_VOLTAGE,100.0,100.0,0.0,0.0,95.0,95.0,0.0,0.0,54.6,54.5,0.0,0.0,48.4,48.4,0.0,0.0,,,,,,,,,LEAD_ACID,,223,False,,,,
6262,10.63.43.90,HOV.Manhan_RTV_NMD110,249.0,2025-01-28 20:00:01,2025-01-28 20:10:40,10.0,SCHEDULED,BATTERY_VOLTAGE,100.0,100.0,0.0,0.0,95.0,95.0,0.0,0.0,55.1,55.1,0.0,0.0,48.4,48.4,0.0,0.0,,,,,,,,,LEAD_ACID,,224,False,,,,
6261,10.63.43.90,HOV.Manhan_RTV_NMD110,250.0,2025-01-30 20:00:01,2025-01-30 20:24:40,24.0,SCHEDULED,BATTERY_VOLTAGE,100.0,100.0,0.0,0.0,88.0,89.0,0.0,0.0,54.6,54.5,0.0,0.0,48.5,48.5,0.0,0.0,,,,,,,,,LEAD_ACID,,225,False,,,,
6260,10.63.43.90,HOV.Manhan_RTV_NMD110,251.0,2025-02-01 20:00:01,2025-02-01 20:22:21,22.0,SCHEDULED,BATTERY_VOLTAGE,100.0,100.0,0.0,0.0,89.0,90.0,0.0,0.0,55.0,54.9,0.0,0.0,48.4,48.4,0.0,0.0,,,,,,,,,LEAD_ACID,,226,False,,,,
6259,10.63.43.90,HOV.Manhan_RTV_NMD110,252.0,2025-02-03 20:00:01,2025-02-03 20:22:32,22.0,SCHEDULED,BATTERY_VOLTAGE,100.0,100.0,0.0,0.0,89.0,90.0,0.0,0.0,54.5,54.3,0.0,0.0,48.4,48.4,0.0,0.0,,,,,,,,,LEAD_ACID,,227,False,,,,
6258,10.63.43.90,HOV.Manhan_RTV_NMD110,253.0,2025-02-05 20:00:01,2025-02-05 20:21:59,21.0,SCHEDULED,BATTERY_VOLTAGE,100.0,100.0,0.0,0.0,90.0,90.0,0.0,0.0,54.5,54.4,0.0,0.0,48.4,48.4,0.0,0.0,,,,,,,,,LEAD_ACID,,228,False,,,,
6257,10.63.43.90,HOV.Manhan_RTV_NMD110,254.0,2025-02-07 20:00:01,2025-02-07 20:22:05,22.0,SCHEDULED,BATTERY_VOLTAGE,100.0,100.0,0.0,0.0,90.0,91.0,0.0,0.0,54.9,54.8,0.0,0.0,48.4,48.4,0.0,0.0,,,,,,,,,LEAD_ACID,,229,False,,,,
6256,10.63.43.90,HOV.Manhan_RTV_NMD110,255.0,2025-02-09 20:00:01,2025-02-09 20:21:23,21.0,SCHEDULED,BATTERY_VOLTAGE,100.0,100.0,0.0,0.0,91.0,91.0,0.0,0.0,54.6,54.5,0.0,0.0,48.6,48.5,0.0,0.0,,,,,,,,,LEAD_ACID,,230,False,,,,
6255,10.63.43.90,HOV.Manhan_RTV_NMD110,256.0,2025-02-11 20:00:01,2025-02-11 20:23:01,23.0,SCHEDULED,BATTERY_VOLTAGE,100.0,100.0,0.0,0.0,90.0,90.0,0.0,0.0,54.7,54.5,0.0,0.0,48.5,48.4,0.0,0.0,,,,,,,,,LEAD_ACID,,231,False,,,,
6254,10.63.43.90,HOV.Manhan_RTV_NMD110,257.0,2025-02-13 20:00:01,2025-02-13 20:21:27,21.0,SCHEDULED,BATTERY_VOLTAGE,100.0,100.0,0.0,0.0,90.0,90.0,0.0,0.0,54.3,54.7,0.0,0.0,48.5,48.5,0.0,0.0,,,,,,,,,LEAD_ACID,,232,False,,,,
6253,10.63.43.90,HOV.Manhan_RTV_NMD110,258.0,2025-02-16 02:33:51,2025-02-16 04:28:42,114.0,SCHEDULED,BATTERY_CAPACITY,100.0,100.0,0.0,0.0,68.0,65.0,0.0,0.0,56.7,56.7,0.0,0.0,49.0,48.9,0.0,0.0,,,,,,,,,LEAD_ACID,,233,False,,,,
6252,10.63.43.90,HOV.Manhan_RTV_NMD110,259.0,2025-02-18 20:00:01,2025-02-18 20:57:37,57.0,SCHEDULED,BATTERY_VOLTAGE,100.0,100.0,0.0,0.0,75.0,75.0,0.0,0.0,54.2,54.1,0.0,0.0,48.5,48.4,0.0,0.0,,,,,,,,,LEAD_ACID,,234,False,,,,
6251,10.63.43.90,HOV.Manhan_RTV_NMD110,260.0,2025-02-20 20:00:01,2025-02-20 20:49:36,49.0,SCHEDULED,BATTERY_VOLTAGE,100.0,100.0,0.0,0.0,78.0,78.0,0.0,0.0,54.3,54.1,0.0,0.0,48.5,48.4,0.0,0.0,,,,,,,,,LEAD_ACID,,235,False,,,,
6246,10.63.43.90,HOV.Manhan_RTV_NMD110,265.0,2025-03-02 20:00:00,2025-03-02 20:41:35,41.0,SCHEDULED,BATTERY_VOLTAGE,100.0,100.0,0.0,0.0,81.0,81.0,0.0,0.0,54.3,54.2,0.0,0.0,48.5,48.5,0.0,0.0,,,,,,,,,LEAD_ACID,,236,False,,,,
6245,10.63.43.90,HOV.Manhan_RTV_NMD110,266.0,2025-03-04 20:00:01,2025-03-04 20:39:17,39.0,SCHEDULED,BATTERY_VOLTAGE,100.0,100.0,0.0,0.0,82.0,82.0,0.0,0.0,54.6,54.5,0.0,0.0,48.4,48.4,0.0,0.0,,,,,,,,,LEAD_ACID,,237,False,,,,
6244,10.63.43.90,HOV.Manhan_RTV_NMD110,267.0,2025-03-06 20:00:00,2025-03-06 20:38:03,38.0,SCHEDULED,BATTERY_VOLTAGE,100.0,100.0,0.0,0.0,83.0,82.0,0.0,0.0,54.6,54.5,0.0,0.0,48.4,48.4,0.0,0.0,,,,,,,,,LEAD_ACID,,238,False,,,,
6243,10.63.43.90,HOV.Manhan_RTV_NMD110,268.0,2025-03-08 20:00:01,2025-03-08 20:38:03,38.0,SCHEDULED,BATTERY_VOLTAGE,100.0,100.0,0.0,0.0,83.0,82.0,0.0,0.0,54.0,53.9,0.0,0.0,48.5,48.4,0.0,0.0,,,,,,,,,LEAD_ACID,,239,False,,,,
6242,10.63.43.90,HOV.Manhan_RTV_NMD110,269.0,2025-03-11 08:23:59,2025-03-11 09:20:54,56.0,SCHEDULED,BATTERY_VOLTAGE,100.0,100.0,0.0,0.0,83.0,75.0,0.0,0.0,56.5,56.3,0.0,0.0,48.5,48.5,0.0,0.0,,,,,,,,,LEAD_ACID,,240,False,,,,
6241,10.63.43.90,HOV.Manhan_RTV_NMD110,270.0,2025-03-13 20:00:01,2025-03-13 20:37:15,37.0,SCHEDULED,BATTERY_VOLTAGE,100.0,100.0,0.0,0.0,84.0,82.0,0.0,0.0,53.8,53.7,0.0,0.0,48.5,48.5,0.0,0.0,,,,,,,,,LEAD_ACID,,241,False,,,,
6240,10.63.43.90,HOV.Manhan_RTV_NMD110,271.0,2025-03-15 20:00:00,2025-03-15 20:37:46,37.0,SCHEDULED,BATTERY_VOLTAGE,100.0,100.0,0.0,0.0,84.0,82.0,0.0,0.0,53.8,53.7,0.0,0.0,48.5,48.5,0.0,0.0,,,,,,,,,LEAD_ACID,,242,False,,,,
6239,10.63.43.90,HOV.Manhan_RTV_NMD110,272.0,2025-03-17 20:00:00,2025-03-17 20:39:49,39.0,SCHEDULED,BATTERY_VOLTAGE,100.0,100.0,0.0,0.0,84.0,82.0,0.0,0.0,53.8,53.7,0.0,0.0,48.5,48.5,0.0,0.0,,,,,,,,,LEAD_ACID,,243,False,,,,
6238,10.63.43.90,HOV.Manhan_RTV_NMD110,273.0,2025-03-19 20:00:01,2025-03-19 20:41:47,41.0,SCHEDULED,BATTERY_VOLTAGE,100.0,100.0,0.0,0.0,85.0,81.0,0.0,0.0,53.5,53.4,0.0,0.0,48.6,48.6,0.0,0.0,,,,,,,,,LEAD_ACID,,244,False,,,,
6237,10.63.43.90,HOV.Manhan_RTV_NMD110,274.0,2025-03-21 20:00:01,2025-03-21 20:35:26,35.0,SCHEDULED,BATTERY_VOLTAGE,100.0,100.0,0.0,0.0,84.0,83.0,0.0,0.0,54.4,54.2,0.0,0.0,48.4,48.4,0.0,0.0,,,,,,,,,LEAD_ACID,,245,False,,,,
6236,10.63.43.90,HOV.Manhan_RTV_NMD110,275.0,2025-03-23 20:00:01,2025-03-23 20:34:26,34.0,SCHEDULED,BATTERY_VOLTAGE,100.0,100.0,0.0,0.0,85.0,85.0,0.0,0.0,54.1,53.9,0.0,0.0,48.4,48.3,0.0,0.0,,,,,,,,,LEAD_ACID,,246,False,,,,
6235,10.63.43.90,HOV.Manhan_RTV_NMD110,276.0,2025-03-25 20:00:01,2025-03-25 20:32:22,32.0,SCHEDULED,BATTERY_VOLTAGE,100.0,100.0,0.0,0.0,86.0,85.0,0.0,0.0,54.1,54.1,0.0,0.0,48.4,48.4,0.0,0.0,,,,,,,,,LEAD_ACID,,247,False,,,,
6234,10.63.43.90,HOV.Manhan_RTV_NMD110,277.0,2025-03-27 20:00:01,2025-03-27 20:32:25,32.0,SCHEDULED,BATTERY_VOLTAGE,100.0,100.0,0.0,0.0,86.0,85.0,0.0,0.0,54.1,54.0,0.0,0.0,48.5,48.4,0.0,0.0,,,,,,,,,LEAD_ACID,,248,False,,,,
6233,10.63.43.90,HOV.Manhan_RTV_NMD110,278.0,2025-03-29 20:00:01,2025-03-29 20:33:03,33.0,SCHEDULED,BATTERY_VOLTAGE,100.0,100.0,0.0,0.0,86.0,85.0,0.0,0.0,54.0,53.9,0.0,0.0,48.5,48.5,0.0,0.0,,,,,,,,,LEAD_ACID,,249,False,,,,
6232,10.63.43.90,HOV.Manhan_RTV_NMD110,279.0,2025-03-31 20:00:01,2025-03-31 20:30:00,29.0,SCHEDULED,BATTERY_VOLTAGE,100.0,100.0,0.0,0.0,86.0,86.0,0.0,0.0,53.8,53.7,0.0,0.0,48.4,48.4,0.0,0.0,,,,,,,,,LEAD_ACID,,250,False,,,,
6231,10.63.43.90,HOV.Manhan_RTV_NMD110,280.0,2025-04-02 20:00:01,2025-04-02 20:26:41,26.0,SCHEDULED,BATTERY_VOLTAGE,100.0,100.0,0.0,0.0,87.0,87.0,0.0,0.0,53.8,53.8,0.0,0.0,48.4,48.4,0.0,0.0,,,,,,,,,LEAD_ACID,,251,False,,,,
6230,10.63.43.90,HOV.Manhan_RTV_NMD110,281.0,2025-04-04 20:00:01,2025-04-04 20:31:09,31.0,SCHEDULED,BATTERY_VOLTAGE,100.0,100.0,0.0,0.0,87.0,86.0,0.0,0.0,54.3,54.1,0.0,0.0,48.5,48.4,0.0,0.0,,,,,,,,,LEAD_ACID,,252,False,,,,
6229,10.63.43.90,HOV.Manhan_RTV_NMD110,282.0,2025-04-06 20:00:01,2025-04-06 20:31:41,31.0,SCHEDULED,BATTERY_VOLTAGE,100.0,100.0,0.0,0.0,87.0,86.0,0.0,0.0,54.1,54.0,0.0,0.0,48.4,48.4,0.0,0.0,,,,,,,,,LEAD_ACID,,253,False,,,,
6228,10.63.43.90,HOV.Manhan_RTV_NMD110,283.0,2025-04-08 20:00:01,2025-04-08 20:29:21,29.0,SCHEDULED,BATTERY_VOLTAGE,100.0,100.0,0.0,0.0,87.0,87.0,0.0,0.0,54.3,54.2,0.0,0.0,48.5,48.4,0.0,0.0,,,,,,,,,LEAD_ACID,,254,False,,,,
6227,10.63.43.90,HOV.Manhan_RTV_NMD110,284.0,2025-04-10 20:00:01,2025-04-10 20:29:06,29.0,SCHEDULED,BATTERY_VOLTAGE,100.0,100.0,0.0,0.0,87.0,87.0,0.0,0.0,53.9,53.8,0.0,0.0,48.4,48.4,0.0,0.0,,,,,,,,,LEAD_ACID,,255,False,,,,
6226,10.63.43.90,HOV.Manhan_RTV_NMD110,285.0,2025-04-12 20:00:01,2025-04-12 20:28:29,28.0,SCHEDULED,BATTERY_VOLTAGE,100.0,100.0,0.0,0.0,87.0,87.0,0.0,0.0,53.9,53.8,0.0,0.0,48.5,48.5,0.0,0.0,,,,,,,,,LEAD_ACID,,256,False,,,,
6225,10.63.43.90,HOV.Manhan_RTV_NMD110,286.0,2025-04-14 20:00:01,2025-04-14 20:26:45,26.0,SCHEDULED,BATTERY_VOLTAGE,100.0,100.0,0.0,0.0,87.0,87.0,0.0,0.0,54.1,53.9,0.0,0.0,48.4,48.4,0.0,0.0,,,,,,,,,LEAD_ACID,,257,False,,,,
6224,10.63.43.90,HOV.Manhan_RTV_NMD110,287.0,2025-04-16 20:00:01,2025-04-16 20:28:35,28.0,SCHEDULED,BATTERY_VOLTAGE,100.0,100.0,0.0,0.0,88.0,87.0,0.0,0.0,54.1,54.0,0.0,0.0,48.5,48.5,0.0,0.0,,,,,,,,,LEAD_ACID,,258,False,,,,
6223,10.63.43.90,HOV.Manhan_RTV_NMD110,288.0,2025-04-18 20:00:01,2025-04-18 20:28:30,28.0,SCHEDULED,BATTERY_VOLTAGE,100.0,100.0,0.0,0.0,88.0,87.0,0.0,0.0,54.4,54.3,0.0,0.0,48.5,48.4,0.0,0.0,,,,,,,,,LEAD_ACID,,259,False,,,,
6222,10.63.43.90,HOV.Manhan_RTV_NMD110,289.0,2025-04-20 20:00:01,2025-04-20 20:29:19,29.0,SCHEDULED,BATTERY_VOLTAGE,100.0,100.0,0.0,0.0,87.0,87.0,0.0,0.0,53.9,53.8,0.0,0.0,48.5,48.5,0.0,0.0,,,,,,,,,LEAD_ACID,,260,False,,,,
6221,10.63.43.90,HOV.Manhan_RTV_NMD110,290.0,2025-04-22 20:00:01,2025-04-22 20:29:44,29.0,SCHEDULED,BATTERY_VOLTAGE,100.0,100.0,0.0,0.0,88.0,87.0,0.0,0.0,54.4,54.3,0.0,0.0,48.5,48.5,0.0,0.0,,,,,,,,,LEAD_ACID,,261,False,,,,
6220,10.63.43.90,HOV.Manhan_RTV_NMD110,291.0,2025-04-24 20:00:01,2025-04-24 20:29:50,29.0,SCHEDULED,BATTERY_VOLTAGE,100.0,100.0,0.0,0.0,87.0,87.0,0.0,0.0,53.8,53.8,0.0,0.0,48.4,48.3,0.0,0.0,,,,,,,,,LEAD_ACID,,262,False,,,,
6219,10.63.43.90,HOV.Manhan_RTV_NMD110,292.0,2025-04-26 20:00:01,2025-04-26 20:29:02,29.0,SCHEDULED,BATTERY_VOLTAGE,100.0,100.0,0.0,0.0,88.0,87.0,0.0,0.0,53.9,54.3,0.0,0.0,48.5,48.5,0.0,0.0,,,,,,,,,LEAD_ACID,,263,False,,,,
6218,10.63.43.90,HOV.Manhan_RTV_NMD110,293.0,2025-04-28 20:00:01,2025-04-28 20:28:01,28.0,SCHEDULED,BATTERY_VOLTAGE,100.0,100.0,0.0,0.0,88.0,88.0,0.0,0.0,54.5,54.3,0.0,0.0,48.5,48.5,0.0,0.0,,,,,,,,,LEAD_ACID,,264,False,,,,
6217,10.63.43.90,HOV.Manhan_RTV_NMD110,294.0,2025-04-30 20:00:01,2025-04-30 20:26:42,26.0,SCHEDULED,BATTERY_VOLTAGE,100.0,100.0,0.0,0.0,88.0,88.0,0.0,0.0,53.8,53.7,0.0,0.0,48.5,48.5,0.0,0.0,,,,,,,,,LEAD_ACID,,265,False,,,,
6216,10.63.43.90,HOV.Manhan_RTV_NMD110,295.0,2025-05-02 20:00:01,2025-05-02 20:29:19,29.0,SCHEDULED,BATTERY_VOLTAGE,100.0,100.0,0.0,0.0,88.0,87.0,0.0,0.0,54.4,54.2,0.0,0.0,48.4,48.4,0.0,0.0,,,,,,,,,LEAD_ACID,,266,False,,,,
6215,10.63.43.90,HOV.Manhan_RTV_NMD110,296.0,2025-05-04 20:00:01,2025-05-04 20:29:01,29.0,SCHEDULED,BATTERY_VOLTAGE,100.0,100.0,0.0,0.0,88.0,87.0,0.0,0.0,54.0,53.9,0.0,0.0,48.6,48.5,0.0,0.0,,,,,,,,,LEAD_ACID,,267,False,,,,
6214,10.63.43.90,HOV.Manhan_RTV_NMD110,297.0,2025-05-06 20:00:01,2025-05-06 20:28:07,28.0,SCHEDULED,BATTERY_VOLTAGE,100.0,100.0,0.0,0.0,88.0,88.0,0.0,0.0,53.8,53.7,0.0,0.0,48.5,48.5,0.0,0.0,,,,,,,,,LEAD_ACID,,268,False,,,,
6213,10.63.43.90,HOV.Manhan_RTV_NMD110,298.0,2025-05-08 20:00:01,2025-05-08 20:27:09,27.0,SCHEDULED,BATTERY_VOLTAGE,100.0,100.0,0.0,0.0,88.0,88.0,0.0,0.0,54.1,54.0,0.0,0.0,48.4,48.4,0.0,0.0,,,,,,,,,LEAD_ACID,,269,False,,,,
6212,10.63.43.90,HOV.Manhan_RTV_NMD110,299.0,2025-05-10 20:00:01,2025-05-10 20:28:11,28.0,SCHEDULED,BATTERY_VOLTAGE,100.0,100.0,0.0,0.0,88.0,88.0,0.0,0.0,54.3,54.2,0.0,0.0,48.5,48.4,0.0,0.0,,,,,,,,,LEAD_ACID,,270,False,,,,
6211,10.63.43.90,HOV.Manhan_RTV_NMD110,300.0,2025-05-12 20:00:01,2025-05-12 20:26:05,26.0,SCHEDULED,BATTERY_VOLTAGE,100.0,100.0,0.0,0.0,88.0,88.0,0.0,0.0,53.9,53.8,0.0,0.0,48.4,48.3,0.0,0.0,,,,,,,,,LEAD_ACID,,271,False,,,,
6210,10.63.43.90,HOV.Manhan_RTV_NMD110,301.0,2025-05-14 20:00:01,2025-05-14 20:26:21,26.0,SCHEDULED,BATTERY_VOLTAGE,100.0,100.0,0.0,0.0,88.0,88.0,0.0,0.0,54.4,54.3,0.0,0.0,48.5,48.4,0.0,0.0,,,,,,,,,LEAD_ACID,,272,False,,,,
6209,10.63.43.90,HOV.Manhan_RTV_NMD110,302.0,2025-05-16 20:00:01,2025-05-16 20:28:21,28.0,SCHEDULED,BATTERY_VOLTAGE,100.0,100.0,0.0,0.0,88.0,88.0,0.0,0.0,54.2,54.1,0.0,0.0,48.5,48.5,0.0,0.0,,,,,,,,,LEAD_ACID,,273,False,,,,
6208,10.63.43.90,HOV.Manhan_RTV_NMD110,303.0,2025-05-18 20:00:01,2025-05-18 20:26:11,26.0,SCHEDULED,BATTERY_VOLTAGE,100.0,100.0,0.0,0.0,88.0,88.0,0.0,0.0,54.1,54.0,0.0,0.0,48.6,48.5,0.0,0.0,,,,,,,,,LEAD_ACID,,274,False,,,,
6207,10.63.43.90,HOV.Manhan_RTV_NMD110,304.0,2025-05-20 20:00:01,2025-05-20 20:26:31,26.0,SCHEDULED,BATTERY_VOLTAGE,100.0,100.0,0.0,0.0,88.0,88.0,0.0,0.0,53.9,53.8,0.0,0.0,48.5,48.5,0.0,0.0,,,,,,,,,LEAD_ACID,,275,False,,,,
6206,10.63.43.90,HOV.Manhan_RTV_NMD110,305.0,2025-05-22 20:00:01,2025-05-22 20:28:58,28.0,SCHEDULED,BATTERY_VOLTAGE,100.0,100.0,0.0,0.0,88.0,88.0,0.0,0.0,54.3,54.2,0.0,0.0,48.6,48.5,0.0,0.0,,,,,,,,,LEAD_ACID,,276,False,,,,
6205,10.63.43.90,HOV.Manhan_RTV_NMD110,306.0,2025-05-24 20:00:01,2025-05-24 20:29:56,29.0,SCHEDULED,BATTERY_VOLTAGE,100.0,100.0,0.0,0.0,88.0,88.0,0.0,0.0,54.6,54.5,0.0,0.0,48.5,48.4,0.0,0.0,,,,,,,,,LEAD_ACID,,277,False,,,,
6204,10.63.43.90,HOV.Manhan_RTV_NMD110,307.0,2025-05-26 20:00:01,2025-05-26 20:27:57,27.0,SCHEDULED,BATTERY_VOLTAGE,100.0,100.0,0.0,0.0,88.0,88.0,0.0,0.0,54.4,54.4,0.0,0.0,48.4,48.4,0.0,0.0,,,,,,,,,LEAD_ACID,,278,False,,,,
6203,10.63.43.90,HOV.Manhan_RTV_NMD110,308.0,2025-05-28 20:00:01,2025-05-28 20:23:38,23.0,SCHEDULED,BATTERY_VOLTAGE,100.0,100.0,0.0,0.0,89.0,89.0,0.0,0.0,54.3,54.3,0.0,0.0,48.4,48.4,0.0,0.0,,,,,,,,,LEAD_ACID,,279,False,,,,
6202,10.63.43.90,HOV.Manhan_RTV_NMD110,309.0,2025-05-30 20:00:01,2025-05-30 20:25:54,25.0,SCHEDULED,BATTERY_VOLTAGE,100.0,100.0,0.0,0.0,89.0,89.0,0.0,0.0,54.0,53.9,0.0,0.0,48.4,48.4,0.0,0.0,,,,,,,,,LEAD_ACID,,280,False,,,,
6201,10.63.43.90,HOV.Manhan_RTV_NMD110,310.0,2025-06-01 20:00:01,2025-06-01 20:26:25,26.0,SCHEDULED,BATTERY_VOLTAGE,100.0,100.0,0.0,0.0,89.0,88.0,0.0,0.0,54.1,54.0,0.0,0.0,48.5,48.5,0.0,0.0,,,,,,,,,LEAD_ACID,,281,False,,,,
6200,10.63.43.90,HOV.Manhan_RTV_NMD110,311.0,2025-06-03 20:00:00,2025-06-03 20:25:50,25.0,SCHEDULED,BATTERY_VOLTAGE,100.0,100.0,0.0,0.0,89.0,88.0,0.0,0.0,53.9,53.8,0.0,0.0,48.5,48.5,0.0,0.0,,,,,,,,,LEAD_ACID,,282,False,,,,
6199,10.63.43.90,HOV.Manhan_RTV_NMD110,312.0,2025-06-05 20:00:01,2025-06-05 20:25:47,25.0,SCHEDULED,BATTERY_VOLTAGE,100.0,100.0,0.0,0.0,89.0,88.0,0.0,0.0,53.9,53.8,0.0,0.0,48.5,48.4,0.0,0.0,,,,,,,,,LEAD_ACID,,283,False,,,,
6198,10.63.43.90,HOV.Manhan_RTV_NMD110,313.0,2025-06-07 20:00:01,2025-06-07 20:27:41,27.0,SCHEDULED,BATTERY_VOLTAGE,100.0,100.0,0.0,0.0,89.0,88.0,0.0,0.0,54.0,53.9,0.0,0.0,48.5,48.5,0.0,0.0,,,,,,,,,LEAD_ACID,,284,False,,,,
6197,10.63.43.90,HOV.Manhan_RTV_NMD110,314.0,2025-06-09 20:00:01,2025-06-09 20:34:43,34.0,SCHEDULED,BATTERY_VOLTAGE,100.0,100.0,0.0,0.0,87.0,85.0,0.0,0.0,51.9,51.8,0.0,0.0,48.4,48.5,0.0,0.0,,,,,,,,,LEAD_ACID,,285,False,,,,
6195,10.63.43.90,HOV.Manhan_RTV_NMD110,316.0,2025-06-13 20:00:01,2025-06-13 20:31:06,31.0,SCHEDULED,BATTERY_VOLTAGE,100.0,100.0,0.0,0.0,89.0,87.0,0.0,0.0,53.2,53.1,0.0,0.0,48.4,48.4,0.0,0.0,,,,,,,,,LEAD_ACID,,286,False,,,,
6194,10.63.43.90,HOV.Manhan_RTV_NMD110,317.0,2025-06-15 20:00:01,2025-06-15 20:29:36,29.0,SCHEDULED,BATTERY_VOLTAGE,100.0,100.0,0.0,0.0,88.0,88.0,0.0,0.0,53.8,53.8,0.0,0.0,48.5,48.5,0.0,0.0,,,,,,,,,LEAD_ACID,,287,False,,,,
6193,10.63.43.90,HOV.Manhan_RTV_NMD110,318.0,2025-06-17 20:00:01,2025-06-17 20:29:39,29.0,SCHEDULED,BATTERY_VOLTAGE,100.0,100.0,0.0,0.0,88.0,88.0,0.0,0.0,54.1,53.9,0.0,0.0,48.6,48.5,0.0,0.0,,,,,,,,,LEAD_ACID,,288,False,,,,
6192,10.63.43.90,HOV.Manhan_RTV_NMD110,319.0,2025-06-19 20:00:01,2025-06-19 20:30:26,30.0,SCHEDULED,BATTERY_VOLTAGE,100.0,100.0,0.0,0.0,88.0,88.0,0.0,0.0,54.3,54.2,0.0,0.0,48.5,48.5,0.0,0.0,,,,,,,,,LEAD_ACID,,289,False,,,,
6191,10.63.43.90,HOV.Manhan_RTV_NMD110,320.0,2025-06-21 20:00:01,2025-06-21 20:28:08,28.0,SCHEDULED,BATTERY_VOLTAGE,100.0,100.0,0.0,0.0,89.0,88.0,0.0,0.0,54.3,54.3,0.0,0.0,48.4,48.4,0.0,0.0,,,,,,,,,LEAD_ACID,,290,False,,,,
6190,10.63.43.90,HOV.Manhan_RTV_NMD110,321.0,2025-06-23 20:00:01,2025-06-23 20:30:44,30.0,SCHEDULED,BATTERY_VOLTAGE,100.0,100.0,0.0,0.0,88.0,88.0,0.0,0.0,54.3,54.2,0.0,0.0,48.4,48.4,0.0,0.0,,,,,,,,,LEAD_ACID,,291,False,,,,
6189,10.63.43.90,HOV.Manhan_RTV_NMD110,322.0,2025-06-25 20:00:01,2025-06-25 20:29:47,29.0,SCHEDULED,BATTERY_VOLTAGE,100.0,100.0,0.0,0.0,88.0,88.0,0.0,0.0,53.9,53.8,0.0,0.0,48.4,48.4,0.0,0.0,,,,,,,,,LEAD_ACID,,292,False,,,,
6188,10.63.43.90,HOV.Manhan_RTV_NMD110,323.0,2025-06-27 20:00:01,2025-06-27 20:29:15,29.0,SCHEDULED,BATTERY_VOLTAGE,100.0,100.0,0.0,0.0,89.0,88.0,0.0,0.0,54.3,54.2,0.0,0.0,48.6,48.5,0.0,0.0,,,,,,,,,LEAD_ACID,,293,False,,,,
6187,10.63.43.90,HOV.Manhan_RTV_NMD110,324.0,2025-06-29 20:00:01,2025-06-29 20:28:55,28.0,SCHEDULED,BATTERY_VOLTAGE,100.0,100.0,0.0,0.0,89.0,88.0,0.0,0.0,54.4,54.3,0.0,0.0,48.4,48.4,0.0,0.0,,,,,,,,,LEAD_ACID,,294,False,,,,
6186,10.63.43.90,HOV.Manhan_RTV_NMD110,325.0,2025-07-01 20:00:01,2025-07-01 20:29:48,29.0,SCHEDULED,BATTERY_VOLTAGE,100.0,100.0,0.0,0.0,89.0,88.0,0.0,0.0,54.3,54.3,0.0,0.0,48.4,48.4,0.0,0.0,,,,,,,,,LEAD_ACID,,295,False,,,,
6185,10.63.43.90,HOV.Manhan_RTV_NMD110,326.0,2025-07-03 20:00:01,2025-07-03 20:27:48,27.0,SCHEDULED,BATTERY_VOLTAGE,100.0,100.0,0.0,0.0,89.0,88.0,0.0,0.0,54.4,54.2,0.0,0.0,48.5,48.5,0.0,0.0,,,,,,,,,LEAD_ACID,,296,False,,,,
6184,10.63.43.90,HOV.Manhan_RTV_NMD110,327.0,2025-07-05 20:00:01,2025-07-05 20:30:07,30.0,SCHEDULED,BATTERY_VOLTAGE,100.0,100.0,0.0,0.0,88.0,88.0,0.0,0.0,53.9,53.8,0.0,0.0,48.5,48.4,0.0,0.0,,,,,,,,,LEAD_ACID,,297,False,,,,
6183,10.63.43.90,HOV.Manhan_RTV_NMD110,328.0,2025-07-07 20:00:01,2025-07-07 20:29:16,29.0,SCHEDULED,BATTERY_VOLTAGE,100.0,100.0,0.0,0.0,88.0,88.0,0.0,0.0,53.9,53.8,0.0,0.0,48.6,48.5,0.0,0.0,,,,,,,,,LEAD_ACID,,298,False,,,,
6182,10.63.43.90,HOV.Manhan_RTV_NMD110,329.0,2025-07-09 20:00:01,2025-07-09 20:27:47,27.0,SCHEDULED,BATTERY_VOLTAGE,100.0,100.0,0.0,0.0,88.0,88.0,0.0,0.0,53.9,53.8,0.0,0.0,48.5,48.5,0.0,0.0,,,,,,,,,LEAD_ACID,,299,False,,,,
6181,10.63.43.90,HOV.Manhan_RTV_NMD110,330.0,2025-07-11 20:00:01,2025-07-11 20:29:29,29.0,SCHEDULED,BATTERY_VOLTAGE,100.0,100.0,0.0,0.0,88.0,88.0,0.0,0.0,53.9,53.9,0.0,0.0,48.6,48.5,0.0,0.0,,,,,,,,,LEAD_ACID,,300,False,,,,
6180,10.63.43.90,HOV.Manhan_RTV_NMD110,331.0,2025-07-13 20:00:01,2025-07-13 20:29:37,29.0,SCHEDULED,BATTERY_VOLTAGE,100.0,100.0,0.0,0.0,88.0,88.0,0.0,0.0,53.8,53.7,0.0,0.0,48.5,48.5,0.0,0.0,,,,,,,,,LEAD_ACID,,301,False,,,,
6179,10.63.43.90,HOV.Manhan_RTV_NMD110,332.0,2025-07-15 20:00:01,2025-07-15 20:29:05,29.0,SCHEDULED,BATTERY_VOLTAGE,100.0,100.0,0.0,0.0,89.0,88.0,0.0,0.0,54.2,54.1,0.0,0.0,48.5,48.4,0.0,0.0,,,,,,,,,LEAD_ACID,,302,False,,,,
6178,10.63.43.90,HOV.Manhan_RTV_NMD110,333.0,2025-07-17 20:00:01,2025-07-17 20:30:19,30.0,SCHEDULED,BATTERY_VOLTAGE,100.0,100.0,0.0,0.0,89.0,88.0,0.0,0.0,54.3,54.2,0.0,0.0,48.4,48.4,0.0,0.0,,,,,,,,,LEAD_ACID,,303,False,,,,
6177,10.63.43.90,HOV.Manhan_RTV_NMD110,334.0,2025-07-19 20:00:01,2025-07-19 20:28:58,28.0,SCHEDULED,BATTERY_VOLTAGE,100.0,100.0,0.0,0.0,89.0,88.0,0.0,0.0,53.9,53.8,0.0,0.0,48.6,48.5,0.0,0.0,,,,,,,,,LEAD_ACID,,304,False,,,,
6176,10.63.43.90,HOV.Manhan_RTV_NMD110,335.0,2025-07-21 20:00:01,2025-07-21 20:29:03,29.0,SCHEDULED,BATTERY_VOLTAGE,100.0,100.0,0.0,0.0,89.0,88.0,0.0,0.0,54.3,54.2,0.0,0.0,48.5,48.5,0.0,0.0,,,,,,,,,LEAD_ACID,,305,False,,,,
6175,10.63.43.90,HOV.Manhan_RTV_NMD110,336.0,2025-07-23 20:00:01,2025-07-23 20:29:07,29.0,SCHEDULED,BATTERY_VOLTAGE,100.0,100.0,0.0,0.0,89.0,88.0,0.0,0.0,54.1,54.0,0.0,0.0,48.5,48.5,0.0,0.0,,,,,,,,,LEAD_ACID,,306,False,,,,
6174,10.63.43.90,HOV.Manhan_RTV_NMD110,337.0,2025-07-25 20:00:01,2025-07-25 20:29:57,29.0,SCHEDULED,BATTERY_VOLTAGE,100.0,100.0,0.0,0.0,88.0,88.0,0.0,0.0,54.3,54.2,0.0,0.0,48.5,48.5,0.0,0.0,,,,,,,,,LEAD_ACID,,307,False,,,,
6173,10.63.43.90,HOV.Manhan_RTV_NMD110,338.0,2025-07-27 20:00:00,2025-07-27 20:28:31,28.0,SCHEDULED,BATTERY_VOLTAGE,100.0,100.0,0.0,0.0,88.0,88.0,0.0,0.0,53.9,53.9,0.0,0.0,48.5,48.4,0.0,0.0,,,,,,,,,LEAD_ACID,,308,False,,,,
6172,10.63.43.90,HOV.Manhan_RTV_NMD110,339.0,2025-07-29 20:00:01,2025-07-29 20:28:15,28.0,SCHEDULED,BATTERY_VOLTAGE,100.0,100.0,0.0,0.0,89.0,88.0,0.0,0.0,53.8,53.7,0.0,0.0,48.5,48.5,0.0,0.0,,,,,,,,,LEAD_ACID,,309,False,,,,
6171,10.63.43.90,HOV.Manhan_RTV_NMD110,340.0,2025-07-31 20:00:01,2025-07-31 20:30:02,30.0,SCHEDULED,BATTERY_VOLTAGE,100.0,100.0,0.0,0.0,88.0,88.0,0.0,0.0,54.4,54.3,0.0,0.0,48.5,48.5,0.0,0.0,,,,,,,,,LEAD_ACID,,310,False,,,,
6170,10.63.43.90,HOV.Manhan_RTV_NMD110,341.0,2025-08-02 20:00:01,2025-08-02 20:31:21,31.0,SCHEDULED,BATTERY_VOLTAGE,100.0,100.0,0.0,0.0,89.0,88.0,0.0,0.0,54.3,54.3,0.0,0.0,48.5,48.5,0.0,0.0,,,,,,,,,LEAD_ACID,,311,False,,,,
6169,10.63.43.90,HOV.Manhan_RTV_NMD110,342.0,2025-08-04 20:00:01,2025-08-04 20:29:38,29.0,SCHEDULED,BATTERY_VOLTAGE,100.0,100.0,0.0,0.0,88.0,88.0,0.0,0.0,53.8,53.8,0.0,0.0,48.5,48.5,0.0,0.0,,,,,,,,,LEAD_ACID,,312,False,,,,
6168,10.63.43.90,HOV.Manhan_RTV_NMD110,343.0,2025-08-06 20:00:01,2025-08-06 20:29:43,29.0,SCHEDULED,BATTERY_VOLTAGE,100.0,100.0,0.0,0.0,88.0,88.0,0.0,0.0,53.8,53.7,0.0,0.0,48.5,48.4,0.0,0.0,,,,,,,,,LEAD_ACID,,313,False,,,,
6167,10.63.43.90,HOV.Manhan_RTV_NMD110,344.0,2025-08-08 20:00:01,2025-08-08 20:28:48,28.0,SCHEDULED,BATTERY_VOLTAGE,100.0,100.0,0.0,0.0,89.0,88.0,0.0,0.0,54.0,53.9,0.0,0.0,48.5,48.3,0.0,0.0,,,,,,,,,LEAD_ACID,,314,False,,,,
6166,10.63.43.90,HOV.Manhan_RTV_NMD110,345.0,2025-08-10 20:00:01,2025-08-10 20:30:46,30.0,SCHEDULED,BATTERY_VOLTAGE,100.0,100.0,0.0,0.0,88.0,88.0,0.0,0.0,54.1,53.9,0.0,0.0,48.6,48.5,0.0,0.0,,,,,,,,,LEAD_ACID,,315,False,,,,
6165,10.63.43.90,HOV.Manhan_RTV_NMD110,346.0,2025-08-12 20:00:01,2025-08-12 20:28:33,28.0,SCHEDULED,BATTERY_VOLTAGE,100.0,100.0,0.0,0.0,89.0,88.0,0.0,0.0,53.9,53.8,0.0,0.0,48.5,48.5,0.0,0.0,,,,,,,,,LEAD_ACID,,316,False,,,,
6164,10.63.43.90,HOV.Manhan_RTV_NMD110,347.0,2025-08-14 20:00:00,2025-08-14 20:29:40,29.0,SCHEDULED,BATTERY_VOLTAGE,100.0,100.0,0.0,0.0,89.0,88.0,0.0,0.0,53.9,53.8,0.0,0.0,48.4,48.4,0.0,0.0,,,,,,,,,LEAD_ACID,,317,False,,,,
6163,10.63.43.90,HOV.Manhan_RTV_NMD110,348.0,2025-08-16 20:00:01,2025-08-16 20:25:23,25.0,SCHEDULED,BATTERY_VOLTAGE,100.0,100.0,0.0,0.0,89.0,89.0,0.0,0.0,53.9,53.8,0.0,0.0,48.4,48.3,0.0,0.0,,,,,,,,,LEAD_ACID,,318,False,,,,
6162,10.63.43.90,HOV.Manhan_RTV_NMD110,349.0,2025-08-18 20:00:01,2025-08-18 20:26:23,26.0,SCHEDULED,BATTERY_VOLTAGE,100.0,100.0,0.0,0.0,89.0,89.0,0.0,0.0,54.3,54.3,0.0,0.0,48.5,48.5,0.0,0.0,,,,,,,,,LEAD_ACID,,319,False,,,,
6161,10.63.43.90,HOV.Manhan_RTV_NMD110,350.0,2025-08-20 20:00:01,2025-08-20 20:26:43,26.0,SCHEDULED,BATTERY_VOLTAGE,100.0,100.0,0.0,0.0,89.0,89.0,0.0,0.0,54.3,54.2,0.0,0.0,48.6,48.4,0.0,0.0,,,,,,,,,LEAD_ACID,,320,False,,,,
6160,10.63.43.90,HOV.Manhan_RTV_NMD110,351.0,2025-08-22 20:00:01,2025-08-22 20:26:48,26.0,SCHEDULED,BATTERY_VOLTAGE,100.0,100.0,0.0,0.0,89.0,89.0,0.0,0.0,54.2,54.2,0.0,0.0,48.4,48.3,0.0,0.0,,,,,,,,,LEAD_ACID,,321,False,,,,
6159,10.63.43.90,HOV.Manhan_RTV_NMD110,352.0,2025-08-24 20:00:01,2025-08-24 20:24:14,24.0,SCHEDULED,BATTERY_VOLTAGE,100.0,100.0,0.0,0.0,89.0,89.0,0.0,0.0,53.8,53.7,0.0,0.0,48.4,48.4,0.0,0.0,,,,,,,,,LEAD_ACID,,322,False,,,,
6158,10.63.43.90,HOV.Manhan_RTV_NMD110,353.0,2025-08-26 20:00:00,2025-08-26 20:29:47,29.0,SCHEDULED,BATTERY_VOLTAGE,100.0,100.0,0.0,0.0,87.0,87.0,0.0,0.0,53.8,53.7,0.0,0.0,48.4,48.4,0.0,0.0,,,,,,,,,LEAD_ACID,,323,False,,,,
6157,10.63.43.90,HOV.Manhan_RTV_NMD110,354.0,2025-08-28 20:00:01,2025-08-28 20:27:51,27.0,SCHEDULED,BATTERY_VOLTAGE,100.0,100.0,0.0,0.0,88.0,88.0,0.0,0.0,53.9,53.8,0.0,0.0,48.4,48.4,0.0,0.0,,,,,,,,,LEAD_ACID,,324,False,,,,
6156,10.63.43.90,HOV.Manhan_RTV_NMD110,355.0,2025-08-30 20:00:01,2025-08-30 20:27:27,27.0,SCHEDULED,BATTERY_VOLTAGE,100.0,100.0,0.0,0.0,88.0,88.0,0.0,0.0,53.8,53.7,0.0,0.0,48.5,48.5,0.0,0.0,,,,,,,,,LEAD_ACID,,325,False,,,,
6155,10.63.43.90,HOV.Manhan_RTV_NMD110,356.0,2025-09-01 20:00:01,2025-09-01 20:24:06,24.0,SCHEDULED,BATTERY_VOLTAGE,100.0,100.0,0.0,0.0,89.0,89.0,0.0,0.0,54.4,54.2,0.0,0.0,48.4,48.4,0.0,0.0,,,,,,,,,LEAD_ACID,,326,False,,,,
6154,10.63.43.90,HOV.Manhan_RTV_NMD110,357.0,2025-09-03 20:00:01,2025-09-03 20:24:23,24.0,SCHEDULED,BATTERY_VOLTAGE,100.0,100.0,0.0,0.0,89.0,89.0,0.0,0.0,53.8,53.8,0.0,0.0,48.4,48.4,0.0,0.0,,,,,,,,,LEAD_ACID,,327,False,,,,
6153,10.63.43.90,HOV.Manhan_RTV_NMD110,358.0,2025-09-05 20:00:01,2025-09-05 20:22:27,22.0,SCHEDULED,BATTERY_VOLTAGE,100.0,100.0,0.0,0.0,89.0,89.0,0.0,0.0,54.0,53.9,0.0,0.0,48.4,48.4,0.0,0.0,,,,,,,,,LEAD_ACID,,328,False,,,,
6152,10.63.43.90,HOV.Manhan_RTV_NMD110,359.0,2025-09-07 20:00:01,2025-09-07 20:25:41,25.0,SCHEDULED,BATTERY_VOLTAGE,100.0,100.0,0.0,0.0,89.0,89.0,0.0,0.0,54.5,54.4,0.0,0.0,48.5,48.5,0.0,0.0,,,,,,,,,LEAD_ACID,,329,False,,,,
6151,10.63.43.90,HOV.Manhan_RTV_NMD110,360.0,2025-09-09 20:00:01,2025-09-09 20:23:46,23.0,SCHEDULED,BATTERY_VOLTAGE,100.0,100.0,0.0,0.0,89.0,89.0,0.0,0.0,54.4,54.3,0.0,0.0,48.5,48.4,0.0,0.0,,,,,,,,,LEAD_ACID,,330,False,,,,
6150,10.63.43.90,HOV.Manhan_RTV_NMD110,361.0,2025-09-11 20:00:01,2025-09-11 20:22:49,22.0,SCHEDULED,BATTERY_VOLTAGE,100.0,100.0,0.0,0.0,90.0,90.0,0.0,0.0,54.3,54.2,0.0,0.0,48.4,48.4,0.0,0.0,,,,,,,,,LEAD_ACID,,331,False,,,,
6149,10.63.43.90,HOV.Manhan_RTV_NMD110,362.0,2025-09-13 20:00:01,2025-09-13 20:22:30,22.0,SCHEDULED,BATTERY_VOLTAGE,100.0,100.0,0.0,0.0,89.0,89.0,0.0,0.0,54.2,54.2,0.0,0.0,48.4,48.4,0.0,0.0,,,,,,,,,LEAD_ACID,,332,False,,,,
6148,10.63.43.90,HOV.Manhan_RTV_NMD110,363.0,2025-09-15 20:00:01,2025-09-15 20:22:19,22.0,SCHEDULED,BATTERY_VOLTAGE,100.0,100.0,0.0,0.0,90.0,90.0,0.0,0.0,53.7,53.6,0.0,0.0,48.4,48.3,0.0,0.0,,,,,,,,,LEAD_ACID,,333,False,,,,
6147,10.63.43.90,HOV.Manhan_RTV_NMD110,364.0,2025-09-17 20:00:01,2025-09-17 20:22:21,22.0,SCHEDULED,BATTERY_VOLTAGE,100.0,100.0,0.0,0.0,90.0,90.0,0.0,0.0,54.3,54.1,0.0,0.0,48.4,48.4,0.0,0.0,,,,,,,,,LEAD_ACID,,334,False,,,,
6145,10.63.43.90,HOV.Manhan_RTV_NMD110,366.0,2025-09-21 20:00:00,2025-09-21 20:23:19,23.0,SCHEDULED,BATTERY_VOLTAGE,100.0,100.0,0.0,0.0,89.0,90.0,0.0,0.0,54.2,54.0,0.0,0.0,48.5,48.5,0.0,0.0,,,,,,,,,LEAD_ACID,,335,False,,,,
6144,10.63.43.90,HOV.Manhan_RTV_NMD110,367.0,2025-09-23 20:00:01,2025-09-23 20:22:07,22.0,SCHEDULED,BATTERY_VOLTAGE,100.0,100.0,0.0,0.0,90.0,90.0,0.0,0.0,53.8,53.7,0.0,0.0,48.5,48.5,0.0,0.0,,,,,,,,,LEAD_ACID,,336,False,,,,
6143,10.63.43.90,HOV.Manhan_RTV_NMD110,368.0,2025-09-25 20:00:01,2025-09-25 20:20:54,20.0,SCHEDULED,BATTERY_VOLTAGE,100.0,100.0,0.0,0.0,90.0,90.0,0.0,0.0,54.0,53.9,0.0,0.0,48.5,48.5,0.0,0.0,,,,,,,,,LEAD_ACID,,337,False,,,,
6142,10.63.43.90,HOV.Manhan_RTV_NMD110,369.0,2025-09-27 20:00:01,2025-09-27 20:21:14,21.0,SCHEDULED,BATTERY_VOLTAGE,100.0,100.0,0.0,0.0,90.0,90.0,0.0,0.0,54.4,54.3,0.0,0.0,48.5,48.5,0.0,0.0,,,,,,,,,LEAD_ACID,,338,False,,,,
6141,10.63.43.90,HOV.Manhan_RTV_NMD110,370.0,2025-09-29 20:00:00,2025-09-29 20:20:38,20.0,SCHEDULED,BATTERY_VOLTAGE,100.0,100.0,0.0,0.0,90.0,90.0,0.0,0.0,54.4,54.4,0.0,0.0,48.5,48.4,0.0,0.0,,,,,,,,,LEAD_ACID,,339,False,,,,
6140,10.63.43.90,HOV.Manhan_RTV_NMD110,371.0,2025-10-01 20:00:01,2025-10-01 20:20:57,20.0,SCHEDULED,BATTERY_VOLTAGE,100.0,100.0,0.0,0.0,90.0,90.0,0.0,0.0,53.9,53.8,0.0,0.0,48.5,48.5,0.0,0.0,,,,,,,,,LEAD_ACID,,340,False,,,,
6139,10.63.43.90,HOV.Manhan_RTV_NMD110,372.0,2025-10-03 20:00:01,2025-10-03 20:22:21,22.0,SCHEDULED,BATTERY_VOLTAGE,100.0,100.0,0.0,0.0,90.0,90.0,0.0,0.0,53.7,53.6,0.0,0.0,48.6,48.4,0.0,0.0,,,,,,,,,LEAD_ACID,,341,False,,,,
6138,10.63.43.90,HOV.Manhan_RTV_NMD110,373.0,2025-10-05 20:00:00,2025-10-05 20:21:54,21.0,SCHEDULED,BATTERY_VOLTAGE,100.0,100.0,0.0,0.0,90.0,90.0,0.0,0.0,54.2,54.0,0.0,0.0,48.5,48.5,0.0,0.0,,,,,,,,,LEAD_ACID,,342,False,,,,
6137,10.63.43.90,HOV.Manhan_RTV_NMD110,374.0,2025-10-07 20:00:01,2025-10-07 20:22:23,22.0,SCHEDULED,BATTERY_VOLTAGE,100.0,100.0,0.0,0.0,90.0,90.0,0.0,0.0,54.0,53.9,0.0,0.0,48.5,48.4,0.0,0.0,,,,,,,,,LEAD_ACID,,343,False,,,,
6136,10.63.43.90,HOV.Manhan_RTV_NMD110,375.0,2025-10-09 20:00:01,2025-10-09 20:21:08,21.0,SCHEDULED,BATTERY_VOLTAGE,100.0,100.0,0.0,0.0,90.0,90.0,0.0,0.0,54.2,54.1,0.0,0.0,48.5,48.5,0.0,0.0,,,,,,,,,LEAD_ACID,,344,False,,,,
6134,10.63.43.90,HOV.Manhan_RTV_NMD110,377.0,2025-10-13 20:00:01,2025-10-13 20:21:29,21.0,SCHEDULED,BATTERY_VOLTAGE,100.0,100.0,0.0,0.0,90.0,90.0,0.0,0.0,53.7,53.6,0.0,0.0,48.6,48.5,0.0,0.0,,,,,,,,,LEAD_ACID,,345,False,,,,
6133,10.63.43.90,HOV.Manhan_RTV_NMD110,378.0,2025-10-15 20:00:01,2025-10-15 20:21:16,21.0,SCHEDULED,BATTERY_VOLTAGE,100.0,100.0,0.0,0.0,90.0,90.0,0.0,0.0,53.8,53.8,0.0,0.0,48.5,48.5,0.0,0.0,,,,,,,,,LEAD_ACID,,346,False,,,,
6132,10.63.43.90,HOV.Manhan_RTV_NMD110,379.0,2025-10-17 20:00:01,2025-10-17 20:20:56,20.0,SCHEDULED,BATTERY_VOLTAGE,100.0,100.0,0.0,0.0,90.0,90.0,0.0,0.0,53.7,53.6,0.0,0.0,48.4,48.4,0.0,0.0,,,,,,,,,LEAD_ACID,,347,False,,,,
6130,10.63.43.90,HOV.Manhan_RTV_NMD110,381.0,2025-10-21 20:00:01,2025-10-21 20:19:48,19.0,SCHEDULED,BATTERY_VOLTAGE,100.0,100.0,0.0,0.0,90.0,90.0,0.0,0.0,53.7,54.3,0.0,0.0,48.5,48.4,0.0,0.0,,,,,,,,,LEAD_ACID,,348,False,,,,
6129,10.63.43.90,HOV.Manhan_RTV_NMD110,382.0,2025-10-23 20:00:01,2025-10-23 20:21:21,21.0,SCHEDULED,BATTERY_VOLTAGE,100.0,100.0,0.0,0.0,90.0,90.0,0.0,0.0,53.9,53.8,0.0,0.0,48.5,48.4,0.0,0.0,,,,,,,,,LEAD_ACID,,349,False,,,,
6128,10.63.43.90,HOV.Manhan_RTV_NMD110,383.0,2025-10-25 20:00:01,2025-10-25 20:21:32,21.0,SCHEDULED,BATTERY_VOLTAGE,100.0,100.0,0.0,0.0,90.0,90.0,0.0,0.0,54.3,54.3,0.0,0.0,48.5,48.5,0.0,0.0,,,,,,,,,LEAD_ACID,,350,False,,,,
6127,10.63.43.90,HOV.Manhan_RTV_NMD110,384.0,2025-10-27 20:00:01,2025-10-27 20:19:58,19.0,SCHEDULED,BATTERY_VOLTAGE,100.0,100.0,0.0,0.0,90.0,91.0,0.0,0.0,54.0,53.8,0.0,0.0,48.4,48.3,0.0,0.0,,,,,,,,,LEAD_ACID,,351,False,,,,
6126,10.63.43.90,HOV.Manhan_RTV_NMD110,385.0,2025-10-29 20:00:01,2025-10-29 20:20:25,20.0,SCHEDULED,BATTERY_VOLTAGE,100.0,100.0,0.0,0.0,90.0,91.0,0.0,0.0,53.8,53.8,0.0,0.0,48.4,48.4,0.0,0.0,,,,,,,,,LEAD_ACID,,352,False,,,,
6125,10.63.43.90,HOV.Manhan_RTV_NMD110,386.0,2025-10-31 20:00:01,2025-10-31 20:20:44,20.0,SCHEDULED,BATTERY_VOLTAGE,100.0,100.0,0.0,0.0,91.0,91.0,0.0,0.0,54.4,54.3,0.0,0.0,48.4,48.4,0.0,0.0,,,,,,,,,LEAD_ACID,,353,False,,,,
6124,10.63.43.90,HOV.Manhan_RTV_NMD110,387.0,2025-11-02 20:00:01,2025-11-02 20:20:06,20.0,SCHEDULED,BATTERY_VOLTAGE,100.0,100.0,0.0,0.0,90.0,91.0,0.0,0.0,54.2,54.2,0.0,0.0,48.5,48.5,0.0,0.0,,,,,,,,,LEAD_ACID,,354,False,,,,
6123,10.63.43.90,HOV.Manhan_RTV_NMD110,388.0,2025-11-04 20:00:00,2025-11-04 20:20:30,20.0,SCHEDULED,BATTERY_VOLTAGE,100.0,100.0,0.0,0.0,90.0,91.0,0.0,0.0,54.3,54.2,0.0,0.0,48.5,48.5,0.0,0.0,,,,,,,,,LEAD_ACID,,355,False,,,,
6122,10.63.43.90,HOV.Manhan_RTV_NMD110,389.0,2025-11-06 20:00:01,2025-11-06 20:20:24,20.0,SCHEDULED,BATTERY_VOLTAGE,100.0,100.0,0.0,0.0,90.0,91.0,0.0,0.0,53.8,53.7,0.0,0.0,48.6,48.5,0.0,0.0,,,,,,,,,LEAD_ACID,,356,False,,,,
6121,10.63.43.90,HOV.Manhan_RTV_NMD110,390.0,2025-11-08 20:00:01,2025-11-08 20:21:25,21.0,SCHEDULED,BATTERY_VOLTAGE,100.0,100.0,0.0,0.0,90.0,91.0,0.0,0.0,53.9,53.7,0.0,0.0,48.6,48.5,0.0,0.0,,,,,,,,,LEAD_ACID,,357,False,,,,
6120,10.63.43.90,HOV.Manhan_RTV_NMD110,391.0,2025-11-10 20:00:01,2025-11-10 20:21:05,21.0,SCHEDULED,BATTERY_VOLTAGE,100.0,100.0,0.0,0.0,90.0,91.0,0.0,0.0,53.9,53.9,0.0,0.0,48.5,48.5,0.0,0.0,,,,,,,,,LEAD_ACID,,358,False,,,,
6119,10.63.43.90,HOV.Manhan_RTV_NMD110,392.0,2025-11-12 20:00:01,2025-11-12 20:24:04,24.0,SCHEDULED,BATTERY_VOLTAGE,100.0,100.0,0.0,0.0,90.0,90.0,0.0,0.0,54.3,54.3,0.0,0.0,48.5,48.4,0.0,0.0,,,,,,,,,LEAD_ACID,,359,False,,,,
6118,10.63.43.90,HOV.Manhan_RTV_NMD110,393.0,2025-11-14 20:00:01,2025-11-14 20:23:19,23.0,SCHEDULED,BATTERY_VOLTAGE,100.0,100.0,0.0,0.0,90.0,90.0,0.0,0.0,54.0,53.9,0.0,0.0,48.5,48.5,0.0,0.0,,,,,,,,,LEAD_ACID,,360,False,,,,
6117,10.63.43.90,HOV.Manhan_RTV_NMD110,394.0,2025-11-16 20:00:00,2025-11-16 20:24:47,24.0,SCHEDULED,BATTERY_VOLTAGE,100.0,100.0,0.0,0.0,90.0,90.0,0.0,0.0,53.8,53.7,0.0,0.0,48.5,48.5,0.0,0.0,,,,,,,,,LEAD_ACID,,361,False,,,,
6116,10.63.43.90,HOV.Manhan_RTV_NMD110,395.0,2025-11-18 20:00:01,2025-11-18 20:23:14,23.0,SCHEDULED,BATTERY_VOLTAGE,100.0,100.0,0.0,0.0,90.0,90.0,0.0,0.0,53.8,53.7,0.0,0.0,48.6,48.5,0.0,0.0,,,,,,,,,LEAD_ACID,,362,False,,,,
6115,10.63.43.90,HOV.Manhan_RTV_NMD110,396.0,2025-11-20 20:00:01,2025-11-20 20:22:57,22.0,SCHEDULED,BATTERY_VOLTAGE,100.0,100.0,0.0,0.0,90.0,90.0,0.0,0.0,54.3,54.2,0.0,0.0,48.5,48.4,0.0,0.0,,,,,,,,,LEAD_ACID,,363,False,,,,
6114,10.63.43.90,HOV.Manhan_RTV_NMD110,397.0,2025-11-22 20:00:01,2025-11-22 20:22:37,22.0,SCHEDULED,BATTERY_VOLTAGE,100.0,100.0,0.0,0.0,90.0,90.0,0.0,0.0,53.8,53.7,0.0,0.0,48.5,48.5,0.0,0.0,,,,,,,,,LEAD_ACID,,364,False,,,,
6113,10.63.43.90,HOV.Manhan_RTV_NMD110,398.0,2025-11-24 20:00:01,2025-11-24 20:27:14,27.0,SCHEDULED,BATTERY_VOLTAGE,100.0,100.0,0.0,0.0,90.0,89.0,0.0,0.0,53.6,53.5,0.0,0.0,48.4,48.4,0.0,0.0,,,,,,,,,LEAD_ACID,,365,False,,,,
6112,10.63.43.90,HOV.Manhan_RTV_NMD110,399.0,2025-11-26 20:00:01,2025-11-26 20:27:05,27.0,SCHEDULED,BATTERY_VOLTAGE,100.0,100.0,0.0,0.0,89.0,88.0,0.0,0.0,54.1,54.1,0.0,0.0,48.5,48.5,0.0,0.0,,,,,,,,,LEAD_ACID,,366,False,,,,
6111,10.63.43.90,HOV.Manhan_RTV_NMD110,400.0,2025-11-28 20:00:01,2025-11-28 20:34:09,34.0,SCHEDULED,BATTERY_VOLTAGE,100.0,100.0,0.0,0.0,86.0,84.0,0.0,0.0,53.5,53.4,0.0,0.0,48.6,48.5,0.0,0.0,,,,,,,,,LEAD_ACID,,367,False,,,,
6110,10.63.43.90,HOV.Manhan_RTV_NMD110,401.0,2025-11-30 20:00:00,2025-11-30 20:32:39,32.0,SCHEDULED,BATTERY_VOLTAGE,100.0,100.0,0.0,0.0,87.0,87.0,0.0,0.0,53.8,53.8,0.0,0.0,48.6,48.5,0.0,0.0,,,,,,,,,LEAD_ACID,,368,False,,,,
6109,10.63.43.90,HOV.Manhan_RTV_NMD110,402.0,2025-12-02 20:00:00,2025-12-02 20:28:46,28.0,SCHEDULED,BATTERY_VOLTAGE,100.0,100.0,0.0,0.0,88.0,88.0,0.0,0.0,54.4,54.3,0.0,0.0,48.6,48.5,0.0,0.0,,,,,,,,,LEAD_ACID,,369,False,,,,
6108,10.63.43.90,HOV.Manhan_RTV_NMD110,403.0,2025-12-04 20:00:00,2025-12-04 20:27:25,27.0,SCHEDULED,BATTERY_VOLTAGE,100.0,100.0,0.0,0.0,88.0,88.0,0.0,0.0,53.8,53.7,0.0,0.0,48.4,48.4,0.0,0.0,,,,,,,,,LEAD_ACID,,370,False,,,,
6107,10.63.43.90,HOV.Manhan_RTV_NMD110,404.0,2025-12-06 20:00:00,2025-12-06 20:29:20,29.0,SCHEDULED,BATTERY_VOLTAGE,100.0,100.0,0.0,0.0,88.0,87.0,0.0,0.0,53.7,53.7,0.0,0.0,48.4,48.4,0.0,0.0,,,,,,,,,LEAD_ACID,,371,False,,,,
6106,10.63.43.90,HOV.Manhan_RTV_NMD110,405.0,2025-12-08 20:00:01,2025-12-08 20:27:58,27.0,SCHEDULED,BATTERY_VOLTAGE,100.0,100.0,0.0,0.0,88.0,87.0,0.0,0.0,53.6,53.5,0.0,0.0,48.6,48.5,0.0,0.0,,,,,,,,,LEAD_ACID,,372,False,,,,
6105,10.63.43.90,HOV.Manhan_RTV_NMD110,406.0,2025-12-10 20:00:01,2025-12-10 20:29:25,29.0,SCHEDULED,BATTERY_VOLTAGE,100.0,100.0,0.0,0.0,88.0,87.0,0.0,0.0,53.6,54.1,0.0,0.0,48.6,48.5,0.0,0.0,,,,,,,,,LEAD_ACID,,373,False,,,,
6104,10.63.43.90,HOV.Manhan_RTV_NMD110,407.0,2025-12-12 20:00:01,2025-12-12 20:28:16,28.0,SCHEDULED,BATTERY_VOLTAGE,100.0,100.0,0.0,0.0,88.0,88.0,0.0,0.0,54.3,54.2,0.0,0.0,48.5,48.5,0.0,0.0,,,,,,,,,LEAD_ACID,,374,False,,,,
6103,10.63.43.90,HOV.Manhan_RTV_NMD110,408.0,2025-12-14 20:00:01,2025-12-14 20:25:51,25.0,SCHEDULED,BATTERY_VOLTAGE,100.0,100.0,0.0,0.0,88.0,88.0,0.0,0.0,54.0,53.9,0.0,0.0,48.4,48.4,0.0,0.0,,,,,,,,,LEAD_ACID,,375,False,,,,
6102,10.63.43.90,HOV.Manhan_RTV_NMD110,409.0,2025-12-16 20:00:01,2025-12-16 20:26:20,26.0,SCHEDULED,BATTERY_VOLTAGE,100.0,100.0,0.0,0.0,89.0,88.0,0.0,0.0,53.9,53.8,0.0,0.0,48.6,48.5,0.0,0.0,,,,,,,,,LEAD_ACID,,376,False,,,,
6101,10.63.43.90,HOV.Manhan_RTV_NMD110,410.0,2025-12-18 20:00:01,2025-12-18 20:28:12,28.0,SCHEDULED,BATTERY_VOLTAGE,100.0,100.0,0.0,0.0,88.0,88.0,0.0,0.0,53.8,53.7,0.0,0.0,48.6,48.5,0.0,0.0,,,,,,,,,LEAD_ACID,,377,False,,,,
6100,10.63.43.90,HOV.Manhan_RTV_NMD110,411.0,2025-12-20 20:00:01,2025-12-20 20:28:09,28.0,SCHEDULED,BATTERY_VOLTAGE,100.0,100.0,0.0,0.0,88.0,89.0,0.0,0.0,54.2,54.0,0.0,0.0,48.4,48.4,0.0,0.0,,,,,,,,,LEAD_ACID,,378,False,,,,
6099,10.63.43.90,HOV.Manhan_RTV_NMD110,412.0,2025-12-22 20:00:01,2025-12-22 20:27:24,27.0,SCHEDULED,BATTERY_VOLTAGE,100.0,100.0,0.0,0.0,89.0,88.0,0.0,0.0,53.8,53.8,0.0,0.0,48.4,48.4,0.0,0.0,,,,,,,,,LEAD_ACID,,379,False,,,,
6098,10.63.43.90,HOV.Manhan_RTV_NMD110,413.0,2025-12-24 20:00:01,2025-12-24 20:26:11,26.0,SCHEDULED,BATTERY_VOLTAGE,100.0,100.0,0.0,0.0,89.0,89.0,0.0,0.0,53.9,53.9,0.0,0.0,48.5,48.4,0.0,0.0,,,,,,,,,LEAD_ACID,,380,False,,,,
6097,10.63.43.90,HOV.Manhan_RTV_NMD110,414.0,2025-12-26 20:00:01,2025-12-26 20:24:22,24.0,SCHEDULED,BATTERY_VOLTAGE,100.0,100.0,0.0,0.0,89.0,89.0,0.0,0.0,54.2,54.1,0.0,0.0,48.6,48.4,0.0,0.0,,,,,,,,,LEAD_ACID,,381,False,,,,
6096,10.63.43.90,HOV.Manhan_RTV_NMD110,415.0,2025-12-28 20:00:01,2025-12-28 20:25:07,25.0,SCHEDULED,BATTERY_VOLTAGE,100.0,100.0,0.0,0.0,89.0,89.0,0.0,0.0,53.9,53.9,0.0,0.0,48.4,48.3,0.0,0.0,,,,,,,,,LEAD_ACID,,382,False,,,,
6095,10.63.43.90,HOV.Manhan_RTV_NMD110,416.0,2025-12-30 20:00:01,2025-12-30 20:22:18,22.0,SCHEDULED,BATTERY_VOLTAGE,100.0,100.0,0.0,0.0,89.0,90.0,0.0,0.0,54.4,54.3,0.0,0.0,48.5,48.4,0.0,0.0,,,,,,,,,LEAD_ACID,,383,False,,,,
6094,10.63.43.90,HOV.Manhan_RTV_NMD110,417.0,2026-01-01 20:00:01,2026-01-01 20:19:10,19.0,SCHEDULED,BATTERY_VOLTAGE,100.0,100.0,0.0,0.0,90.0,91.0,0.0,0.0,54.7,54.6,0.0,0.0,48.5,48.4,0.0,0.0,,,,,,,,,LEAD_ACID,,384,False,,,,
6093,10.63.43.90,HOV.Manhan_RTV_NMD110,418.0,2026-01-03 20:00:01,2026-01-03 20:20:00,19.0,SCHEDULED,BATTERY_VOLTAGE,100.0,100.0,0.0,0.0,90.0,91.0,0.0,0.0,54.2,54.2,0.0,0.0,48.6,48.5,0.0,0.0,,,,,,,,,LEAD_ACID,,385,False,,,,
6092,10.63.43.90,HOV.Manhan_RTV_NMD110,419.0,2026-01-05 20:00:00,2026-01-05 20:19:42,19.0,SCHEDULED,BATTERY_VOLTAGE,100.0,100.0,0.0,0.0,90.0,91.0,0.0,0.0,54.8,54.6,0.0,0.0,48.5,48.5,0.0,0.0,,,,,,,,,LEAD_ACID,,386,False,,,,
6091,10.63.43.90,HOV.Manhan_RTV_NMD110,420.0,2026-01-07 20:00:01,2026-01-07 20:20:02,20.0,SCHEDULED,BATTERY_VOLTAGE,100.0,100.0,0.0,0.0,90.0,91.0,0.0,0.0,54.6,54.4,0.0,0.0,48.5,48.5,0.0,0.0,,,,,,,,,LEAD_ACID,,387,False,,,,
6090,10.63.43.90,HOV.Manhan_RTV_NMD110,421.0,2026-01-09 20:00:01,2026-01-09 20:21:14,21.0,SCHEDULED,BATTERY_VOLTAGE,100.0,100.0,0.0,0.0,90.0,91.0,0.0,0.0,54.1,54.0,0.0,0.0,48.5,48.5,0.0,0.0,,,,,,,,,LEAD_ACID,,388,False,,,,
6089,10.63.43.90,HOV.Manhan_RTV_NMD110,422.0,2026-01-11 20:00:01,2026-01-11 20:20:32,20.0,SCHEDULED,BATTERY_VOLTAGE,100.0,100.0,0.0,0.0,90.0,91.0,0.0,0.0,54.4,54.3,0.0,0.0,48.5,48.5,0.0,0.0,,,,,,,,,LEAD_ACID,,389,False,,,,
6088,10.63.43.90,HOV.Manhan_RTV_NMD110,423.0,2026-01-13 20:00:01,2026-01-13 20:22:07,22.0,SCHEDULED,BATTERY_VOLTAGE,100.0,100.0,0.0,0.0,91.0,90.0,0.0,0.0,53.9,53.8,0.0,0.0,48.4,48.4,0.0,0.0,,,,,,,,,LEAD_ACID,,390,False,,,,
6087,10.63.43.90,HOV.Manhan_RTV_NMD110,424.0,2026-01-15 20:00:01,2026-01-15 20:23:32,23.0,SCHEDULED,BATTERY_VOLTAGE,100.0,100.0,0.0,0.0,90.0,90.0,0.0,0.0,54.2,54.1,0.0,0.0,48.4,48.4,0.0,0.0,,,,,,,,,LEAD_ACID,,391,False,,,,
6086,10.63.43.90,HOV.Manhan_RTV_NMD110,425.0,2026-01-17 20:00:01,2026-01-17 20:20:54,20.0,SCHEDULED,BATTERY_VOLTAGE,100.0,100.0,0.0,0.0,90.0,91.0,0.0,0.0,54.6,54.5,0.0,0.0,48.6,48.5,0.0,0.0,,,,,,,,,LEAD_ACID,,392,False,,,,
6085,10.63.43.90,HOV.Manhan_RTV_NMD110,426.0,2026-01-19 20:00:01,2026-01-19 20:19:11,19.0,SCHEDULED,BATTERY_VOLTAGE,100.0,100.0,0.0,0.0,91.0,92.0,0.0,0.0,55.1,55.0,0.0,0.0,48.5,48.4,0.0,0.0,,,,,,,,,LEAD_ACID,,393,False,,,,
6084,10.63.43.90,HOV.Manhan_RTV_NMD110,427.0,2026-01-21 20:00:01,2026-01-21 20:18:03,18.0,SCHEDULED,BATTERY_VOLTAGE,100.0,100.0,0.0,0.0,91.0,92.0,0.0,0.0,54.9,54.8,0.0,0.0,48.4,48.4,0.0,0.0,,,,,,,,,LEAD_ACID,,394,False,,,,
6083,10.63.43.90,HOV.Manhan_RTV_NMD110,428.0,2026-01-23 20:00:01,2026-01-23 20:18:48,18.0,SCHEDULED,BATTERY_VOLTAGE,100.0,100.0,0.0,0.0,91.0,92.0,0.0,0.0,54.3,54.3,0.0,0.0,48.4,48.4,0.0,0.0,,,,,,,,,LEAD_ACID,,395,False,,,,
6082,10.63.43.90,HOV.Manhan_RTV_NMD110,429.0,2026-01-25 20:00:00,2026-01-25 20:17:01,17.0,SCHEDULED,BATTERY_VOLTAGE,100.0,100.0,0.0,0.0,92.0,92.0,0.0,0.0,54.9,54.7,0.0,0.0,48.5,48.4,0.0,0.0,,,,,,,,,LEAD_ACID,,396,False,,,,
6081,10.63.43.90,HOV.Manhan_RTV_NMD110,430.0,2026-01-27 20:00:01,2026-01-27 20:18:16,18.0,SCHEDULED,BATTERY_VOLTAGE,100.0,100.0,0.0,0.0,92.0,92.0,0.0,0.0,54.6,54.6,0.0,0.0,48.4,48.4,0.0,0.0,,,,,,,,,LEAD_ACID,,397,False,,,,
6080,10.63.43.90,HOV.Manhan_RTV_NMD110,431.0,2026-01-29 20:00:01,2026-01-29 20:17:28,17.0,SCHEDULED,BATTERY_VOLTAGE,100.0,100.0,0.0,0.0,92.0,92.0,0.0,0.0,54.7,54.6,0.0,0.0,48.5,48.4,0.0,0.0,,,,,,,,,LEAD_ACID,,398,False,,,,
6079,10.63.43.90,HOV.Manhan_RTV_NMD110,432.0,2026-01-31 20:00:01,2026-01-31 20:19:07,19.0,SCHEDULED,BATTERY_VOLTAGE,100.0,100.0,0.0,0.0,92.0,92.0,0.0,0.0,54.0,54.0,0.0,0.0,48.4,48.4,0.0,0.0,,,,,,,,,LEAD_ACID,,399,False,,,,
6078,10.63.43.90,HOV.Manhan_RTV_NMD110,433.0,2026-02-02 20:00:01,2026-02-02 20:17:35,17.0,SCHEDULED,BATTERY_VOLTAGE,100.0,100.0,0.0,0.0,92.0,92.0,0.0,0.0,54.0,54.0,0.0,0.0,48.5,48.5,0.0,0.0,,,,,,,,,LEAD_ACID,,400,False,,,,
6077,10.63.43.90,HOV.Manhan_RTV_NMD110,434.0,2026-02-04 20:00:00,2026-02-04 20:19:15,19.0,SCHEDULED,BATTERY_VOLTAGE,100.0,100.0,0.0,0.0,92.0,92.0,0.0,0.0,54.7,54.6,0.0,0.0,48.5,48.5,0.0,0.0,,,,,,,,,LEAD_ACID,,401,False,,,,
6076,10.63.43.90,HOV.Manhan_RTV_NMD110,435.0,2026-02-06 20:00:00,2026-02-06 20:18:56,18.0,SCHEDULED,BATTERY_VOLTAGE,100.0,100.0,0.0,0.0,91.0,92.0,0.0,0.0,54.4,54.3,0.0,0.0,48.5,48.4,0.0,0.0,,,,,,,,,LEAD_ACID,,402,False,,,,
6075,10.63.43.90,HOV.Manhan_RTV_NMD110,436.0,2026-02-08 20:00:01,2026-02-08 20:17:52,17.0,SCHEDULED,BATTERY_VOLTAGE,100.0,100.0,0.0,0.0,92.0,92.0,0.0,0.0,54.7,54.6,0.0,0.0,48.4,48.4,0.0,0.0,,,,,,,,,LEAD_ACID,,403,False,,,,
6074,10.63.43.90,HOV.Manhan_RTV_NMD110,437.0,2026-02-10 20:00:01,2026-02-10 20:18:12,18.0,SCHEDULED,BATTERY_VOLTAGE,100.0,100.0,0.0,0.0,92.0,92.0,0.0,0.0,54.5,54.4,0.0,0.0,48.5,48.5,0.0,0.0,,,,,,,,,LEAD_ACID,,404,False,,,,
6073,10.63.43.90,HOV.Manhan_RTV_NMD110,438.0,2026-02-12 20:00:01,2026-02-12 20:17:17,17.0,SCHEDULED,BATTERY_VOLTAGE,100.0,100.0,0.0,0.0,92.0,92.0,0.0,0.0,54.6,54.5,0.0,0.0,48.4,48.4,0.0,0.0,,,,,,,,,LEAD_ACID,,405,False,,,,
6072,10.63.43.90,HOV.Manhan_RTV_NMD110,439.0,2026-02-14 20:00:01,2026-02-14 20:18:15,18.0,SCHEDULED,BATTERY_VOLTAGE,100.0,100.0,0.0,0.0,92.0,92.0,0.0,0.0,54.7,54.7,0.0,0.0,48.5,48.5,0.0,0.0,,,,,,,,,LEAD_ACID,,406,False,,,,
6071,10.63.43.90,HOV.Manhan_RTV_NMD110,440.0,2026-02-16 20:00:01,2026-02-16 20:17:05,17.0,SCHEDULED,BATTERY_VOLTAGE,100.0,100.0,0.0,0.0,92.0,92.0,0.0,0.0,54.5,54.3,0.0,0.0,48.4,48.4,0.0,0.0,,,,,,,,,LEAD_ACID,,407,False,,,,
6070,10.63.43.90,HOV.Manhan_RTV_NMD110,441.0,2026-02-18 20:00:01,2026-02-18 20:15:36,15.0,SCHEDULED,BATTERY_VOLTAGE,100.0,100.0,0.0,0.0,92.0,93.0,0.0,0.0,54.2,54.1,0.0,0.0,48.4,48.4,0.0,0.0,,,,,,,,,LEAD_ACID,,408,False,,,,
6069,10.63.43.90,HOV.Manhan_RTV_NMD110,442.0,2026-02-20 20:00:01,2026-02-20 20:17:35,17.0,SCHEDULED,BATTERY_VOLTAGE,100.0,100.0,0.0,0.0,92.0,92.0,0.0,0.0,54.3,54.2,0.0,0.0,48.5,48.5,0.0,0.0,,,,,,,,,LEAD_ACID,,409,False,,,,
6068,10.63.43.90,HOV.Manhan_RTV_NMD110,443.0,2026-02-22 20:00:01,2026-02-22 20:17:48,17.0,SCHEDULED,BATTERY_VOLTAGE,100.0,100.0,0.0,0.0,92.0,92.0,0.0,0.0,54.5,54.4,0.0,0.0,48.5,48.5,0.0,0.0,,,,,,,,,LEAD_ACID,,410,False,,,,
6067,10.63.43.90,HOV.Manhan_RTV_NMD110,444.0,2026-02-24 20:00:01,2026-02-24 20:27:43,27.0,SCHEDULED,BATTERY_VOLTAGE,100.0,100.0,0.0,0.0,88.0,88.0,0.0,0.0,54.4,54.3,0.0,0.0,48.6,48.5,0.0,0.0,,,,,,,,,LEAD_ACID,,411,False,,,,
18836,10.63.43.90,HOV.Manhan_RTV_NMD110,445.0,2026-02-26 20:00:01,2026-02-26 20:22:21,22.0,SCHEDULED,BATTERY_VOLTAGE,100.0,100.0,0.0,0.0,89.0,89.0,0.0,0.0,54.0,53.9,0.0,0.0,48.5,48.5,0.0,0.0,,,,,,,,,LEAD_ACID,,412,False,,,,
18888,10.63.43.90,HOV.Manhan_RTV_NMD110,446.0,2026-02-28 19:00:01,2026-02-28 20:10:03,70.0,SCHEDULED,BATTERY_CAPACITY,100.0,100.0,0.0,0.0,74.0,61.0,0.0,0.0,53.8,53.7,0.0,0.0,46.7,46.7,0.0,0.0,,,,,,,,,LEAD_ACID,,413,False,,,,
FC_414,10.63.43.90,HOV.Manhan_RTV_NMD110,,2026-03-02 19:00:01,,,,FORECAST,,,,,,,,,,,,,,,,,,,,,,,,,FORECAST,,414,True,80.68,2026-03-02,,
FC_424,10.63.43.90,HOV.Manhan_RTV_NMD110,,2026-03-02 19:00:01,,,,FORECAST,,,,,,,,,,,,,,,,,,,,,,,,,FORECAST,,424,True,,,74.14,2026-03-02
FC_415,10.63.43.90,HOV.Manhan_RTV_NMD110,,2026-03-04 19:00:01,,,,FORECAST,,,,,,,,,,,,,,,,,,,,,,,,,FORECAST,,415,True,78.86,2026-03-04,,
FC_425,10.63.43.90,HOV.Manhan_RTV_NMD110,,2026-03-04 19:00:01,,,,FORECAST,,,,,,,,,,,,,,,,,,,,,,,,,FORECAST,,425,True,,,71.2,2026-03-04
FC_416,10.63.43.90,HOV.Manhan_RTV_NMD110,,2026-03-06 19:00:01,,,,FORECAST,,,,,,,,,,,,,,,,,,,,,,,,,FORECAST,,416,True,77.04,2026-03-06,,
FC_426,10.63.43.90,HOV.Manhan_RTV_NMD110,,2026-03-06 19:00:01,,,,FORECAST,,,,,,,,,,,,,,,,,,,,,,,,,FORECAST,,426,True,,,68.26,2026-03-06
FC_427,10.63.43.90,HOV.Manhan_RTV_NMD110,,2026-03-08 19:00:01,,,,FORECAST,,,,,,,,,,,,,,,,,,,,,,,,,FORECAST,,427,True,,,65.32,2026-03-08
FC_417,10.63.43.90,HOV.Manhan_RTV_NMD110,,2026-03-08 19:00:01,,,,FORECAST,,,,,,,,,,,,,,,,,,,,,,,,,FORECAST,,417,True,75.21,2026-03-08,,
FC_428,10.63.43.90,HOV.Manhan_RTV_NMD110,,2026-03-10 19:00:01,,,,FORECAST,,,,,,,,,,,,,,,,,,,,,,,,,FORECAST,,428,True,,,62.38,2026-03-10
FC_418,10.63.43.90,HOV.Manhan_RTV_NMD110,,2026-03-10 19:00:01,,,,FORECAST,,,,,,,,,,,,,,,,,,,,,,,,,FORECAST,,418,True,73.39,2026-03-10,,
FC_419,10.63.43.90,HOV.Manhan_RTV_NMD110,,2026-03-12 19:00:01,,,,FORECAST,,,,,,,,,,,,,,,,,,,,,,,,,FORECAST,,419,True,71.57,2026-03-12,,
FC_429,10.63.43.90,HOV.Manhan_RTV_NMD110,,2026-03-12 19:00:01,,,,FORECAST,,,,,,,,,,,,,,,,,,,,,,,,,FORECAST,,429,True,,,59.44,2026-03-12
FC_430,10.63.43.90,HOV.Manhan_RTV_NMD110,,2026-03-14 19:00:01,,,,FORECAST,,,,,,,,,,,,,,,,,,,,,,,,,FORECAST,,430,True,,,56.5,2026-03-14
FC_420,10.63.43.90,HOV.Manhan_RTV_NMD110,,2026-03-14 19:00:01,,,,FORECAST,,,,,,,,,,,,,,,,,,,,,,,,,FORECAST,,420,True,69.75,2026-03-14,,
FC_421,10.63.43.90,HOV.Manhan_RTV_NMD110,,2026-03-16 19:00:01,,,,FORECAST,,,,,,,,,,,,,,,,,,,,,,,,,FORECAST,,421,True,67.93,2026-03-16,,
FC_431,10.63.43.90,HOV.Manhan_RTV_NMD110,,2026-03-16 19:00:01,,,,FORECAST,,,,,,,,,,,,,,,,,,,,,,,,,FORECAST,,431,True,,,53.56,2026-03-16
FC_422,10.63.43.90,HOV.Manhan_RTV_NMD110,,2026-03-18 19:00:01,,,,FORECAST,,,,,,,,,,,,,,,,,,,,,,,,,FORECAST,,422,True,66.11,2026-03-18,,
FC_432,10.63.43.90,HOV.Manhan_RTV_NMD110,,2026-03-18 19:00:01,,,,FORECAST,,,,,,,,,,,,,,,,,,,,,,,,,FORECAST,,432,True,,,50.62,2026-03-18
FC_423,10.63.43.90,HOV.Manhan_RTV_NMD110,,2026-03-20 19:00:01,,,,FORECAST,,,,,,,,,,,,,,,,,,,,,,,,,FORECAST,,423,True,64.29,2026-03-20,,
FC_433,10.63.43.90,HOV.Manhan_RTV_NMD110,,2026-03-20 19:00:01,,,,FORECAST,,,,,,,,,,,,,,,,,,,,,,,,,FORECAST,,433,True,,,47.68,2026-03-20
